CREATE DATABASE  IF NOT EXISTS `sweet_bakery_app` /*!40100 DEFAULT CHARACTER SET utf8mb4 COLLATE utf8mb4_0900_ai_ci */ /*!80016 DEFAULT ENCRYPTION='N' */;
USE `sweet_bakery_app`;
-- MySQL dump 10.13  Distrib 8.0.33, for Win64 (x86_64)
--
-- Host: localhost    Database: sweet_bakery_app
-- ------------------------------------------------------
-- Server version	8.0.33

/*!40101 SET @OLD_CHARACTER_SET_CLIENT=@@CHARACTER_SET_CLIENT */;
/*!40101 SET @OLD_CHARACTER_SET_RESULTS=@@CHARACTER_SET_RESULTS */;
/*!40101 SET @OLD_COLLATION_CONNECTION=@@COLLATION_CONNECTION */;
/*!50503 SET NAMES utf8 */;
/*!40103 SET @OLD_TIME_ZONE=@@TIME_ZONE */;
/*!40103 SET TIME_ZONE='+00:00' */;
/*!40014 SET @OLD_UNIQUE_CHECKS=@@UNIQUE_CHECKS, UNIQUE_CHECKS=0 */;
/*!40014 SET @OLD_FOREIGN_KEY_CHECKS=@@FOREIGN_KEY_CHECKS, FOREIGN_KEY_CHECKS=0 */;
/*!40101 SET @OLD_SQL_MODE=@@SQL_MODE, SQL_MODE='NO_AUTO_VALUE_ON_ZERO' */;
/*!40111 SET @OLD_SQL_NOTES=@@SQL_NOTES, SQL_NOTES=0 */;

--
-- Table structure for table `cakes`
--

DROP TABLE IF EXISTS `cakes`;
/*!40101 SET @saved_cs_client     = @@character_set_client */;
/*!50503 SET character_set_client = utf8mb4 */;
CREATE TABLE `cakes` (
  `cake_id` int NOT NULL,
  `cake_title` varchar(35) DEFAULT NULL,
  `cake_price_kg` double DEFAULT NULL,
  PRIMARY KEY (`cake_id`)
) ENGINE=InnoDB DEFAULT CHARSET=utf8mb4 COLLATE=utf8mb4_0900_ai_ci;
/*!40101 SET character_set_client = @saved_cs_client */;

--
-- Dumping data for table `cakes`
--

LOCK TABLES `cakes` WRITE;
/*!40000 ALTER TABLE `cakes` DISABLE KEYS */;
INSERT INTO `cakes` VALUES (1001,'Спартак',15.2),(1002,'Наполеон',10.33),(1004,'Мохіто',19.55);
/*!40000 ALTER TABLE `cakes` ENABLE KEYS */;
UNLOCK TABLES;

--
-- Table structure for table `daily_report_cakes`
--

DROP TABLE IF EXISTS `daily_report_cakes`;
/*!40101 SET @saved_cs_client     = @@character_set_client */;
/*!50503 SET character_set_client = utf8mb4 */;
CREATE TABLE `daily_report_cakes` (
  `daily_report_id` int NOT NULL AUTO_INCREMENT,
  `cake_title` varchar(35) DEFAULT NULL,
  `cake_price_kg` double DEFAULT NULL,
  `quantity_kg` double DEFAULT NULL,
  `baking_date` date DEFAULT NULL,
  `order_type` varchar(35) DEFAULT NULL,
  `confectioner` varchar(60) DEFAULT NULL,
  `cake_status` varchar(25) DEFAULT 'Залишок',
  `sent_to_shop` varchar(35) DEFAULT NULL,
  `date_sent` date DEFAULT NULL,
  `earned_per_day` double DEFAULT '0',
  PRIMARY KEY (`daily_report_id`)
) ENGINE=InnoDB AUTO_INCREMENT=61 DEFAULT CHARSET=utf8mb4 COLLATE=utf8mb4_0900_ai_ci;
/*!40101 SET character_set_client = @saved_cs_client */;

--
-- Dumping data for table `daily_report_cakes`
--

LOCK TABLES `daily_report_cakes` WRITE;
/*!40000 ALTER TABLE `daily_report_cakes` DISABLE KEYS */;
INSERT INTO `daily_report_cakes` VALUES (14,'Наполеон',10.33,4.244,'2024-02-25','Весілля','Таня Шевченко','Відправлено','А5','2024-03-22',43.84),(15,'Спартак',15.2,1.455,'2024-02-15','Весілля','Таня Шевченко','Відправлено','Нива','2024-03-22',22.12),(16,'Мохіто',19.55,1.666,'2024-02-26','Магазини','Таня Шевченко','Відправлено','Нива','2024-03-22',32.57),(17,'Наполеон',10.33,1.698,'2024-02-26','Магазини','Таня Шевченко','Відправлено','А5','2024-03-31',17.54),(19,'Спартак',15.2,1.325,'2024-03-03','Весілля','Таня Шевченко','Відправлено','Нива','2024-04-21',20.14),(20,'Наполеон',10.33,1.325,'2024-03-03','Весілля','Таня Шевченко','Відправлено','А5','2024-04-21',13.69),(21,'Наполеон',10.33,1.325,'2024-03-03','Магазини','Таня Шевченко','Відправлено','А2','2024-04-21',13.69),(22,'Наполеон',10.33,1.325,'2024-03-03','Магазини','Таня Шевченко','Відправлено','А2','2024-04-21',13.69),(23,'Наполеон',10.33,1.325,'2024-03-03','Магазини','Таня Шевченко','Відправлено','А2','2024-04-21',13.69),(24,'Наполеон',10.33,1.555,'2024-03-03','Весілля','Аня Трачук','Відправлено','А2','2024-03-22',16.06),(25,'Спартак',15.2,1.235,'2024-03-04','Весілля','Таня Шевченко','Відправлено','А5','2024-05-26',18.77),(26,'Мохіто',19.55,1.235,'2024-03-04','Весілля','Таня Шевченко','Відправлено','А2','2024-04-21',24.14),(27,'Мохіто',19.55,5.235,'2024-03-04','Весілля','Таня Шевченко','Залишок',NULL,NULL,102.34),(28,'Наполеон',10.33,1.598,'2023-12-06','Персональне','Таня Шевченко','Відправлено','А5','2024-05-26',16.51),(29,'Спартак',15.2,1.365,'2023-11-15','Весілля','Таня Шевченко','Відправлено','Нива','2024-03-10',20.75),(30,'Наполеон',10.33,1.365,'2023-10-04','Весілля','Таня Шевченко','Відправлено','А5','2024-03-10',14.1),(31,'Наполеон',10.33,1.333,'2024-03-06','Магазини','Таня Шевченко','Відправлено','Нива','2024-05-26',13.77),(32,'Мохіто',19.55,1.655,'2024-03-10','Персональне','Таня Шевченко','Відправлено','А2','2024-05-26',32.36),(35,'Спартак',15.2,1.364,'2024-03-21','Весілля','Аня Трачук','Залишок',NULL,NULL,20.73),(36,'Спартак',15.2,1.364,'2024-03-21','Магазини','Аня Трачук','Залишок',NULL,NULL,20.73),(37,'Спартак',15.2,1.364,'2024-03-21','Магазини','Аня Трачук','Залишок',NULL,NULL,20.73),(38,'Наполеон',10.33,1.364,'2024-03-21','Магазини','Аня Трачук','Відправлено','Нива','2024-03-22',14.09),(39,'Наполеон',10.33,1.364,'2024-03-21','Персональне','Аня Трачук','Залишок',NULL,NULL,14.09),(40,'Спартак',15.2,1.656,'2024-03-22','Персональне','Аня Трачук','Залишок',NULL,NULL,25.17),(41,'Наполеон',10.33,1.656,'2024-03-22','Персональне','Аня Трачук','Залишок',NULL,NULL,17.11),(42,'Спартак',15.2,1.654,'2024-03-22','Весілля','Таня Шевченко','Відправлено','Нива','2024-05-26',25.14),(43,'Спартак',15.2,1.345,'2024-04-21','Весілля','Таня Шевченко','Залишок',NULL,NULL,20.44),(44,'Мохіто',19.55,1.554,'2024-04-21','Весілля','Таня Шевченко','Залишок',NULL,NULL,30.38),(45,'Мохіто',19.55,1.554,'2024-04-21','Магазини','Таня Шевченко','Залишок',NULL,NULL,30.38),(49,'Наполеон',10.33,12.74,'2024-05-26','Магазини','Таня Шевченко','Залишок',NULL,NULL,131.6),(50,'Мохіто',19.55,12.74,'2024-05-26','Магазини','Таня Шевченко','Залишок',NULL,NULL,249.07),(51,'Мохіто',19.55,12.74,'2024-05-26','Весілля','Таня Шевченко','Залишок',NULL,NULL,249.07),(52,'Мохіто',19.55,1.545,'2024-05-26','Весілля','Таня Шевченко','Залишок',NULL,NULL,30.2),(53,'Спартак',15.2,1.545,'2024-05-26','Весілля','Таня Шевченко','Залишок',NULL,NULL,23.48),(54,'Спартак',15.2,2.554,'2024-05-26','Персональне','Таня Шевченко','Залишок',NULL,NULL,38.82),(55,'Спартак',15.2,12.54,'2024-05-16','Весілля','Таня Шевченко','Залишок',NULL,NULL,190.61),(56,'Спартак',15.2,12.54,'2024-04-30','Весілля','Таня Шевченко','Відправлено','А2','2024-05-26',190.61),(57,'Спартак',15.2,12.44,'2024-05-27','Весілля','Таня Шевченко','Залишок',NULL,NULL,189.09),(58,'Наполеон',10.33,12.44,'2024-05-27','Весілля','Таня Шевченко','Залишок',NULL,NULL,128.51),(59,'Наполеон',10.33,1.444,'2024-05-27','Весілля','Таня Шевченко','Залишок',NULL,NULL,14.92),(60,'Мохіто',19.55,1.444,'2024-05-27','Весілля','Таня Шевченко','Залишок',NULL,NULL,28.23);
/*!40000 ALTER TABLE `daily_report_cakes` ENABLE KEYS */;
UNLOCK TABLES;

--
-- Table structure for table `order_type`
--

DROP TABLE IF EXISTS `order_type`;
/*!40101 SET @saved_cs_client     = @@character_set_client */;
/*!50503 SET character_set_client = utf8mb4 */;
CREATE TABLE `order_type` (
  `order_type_id` int NOT NULL,
  `order_type_title` varchar(35) DEFAULT NULL,
  PRIMARY KEY (`order_type_id`)
) ENGINE=InnoDB DEFAULT CHARSET=utf8mb4 COLLATE=utf8mb4_0900_ai_ci;
/*!40101 SET character_set_client = @saved_cs_client */;

--
-- Dumping data for table `order_type`
--

LOCK TABLES `order_type` WRITE;
/*!40000 ALTER TABLE `order_type` DISABLE KEYS */;
INSERT INTO `order_type` VALUES (4000,'Весілля'),(4001,'Магазини'),(4002,'Персональне');
/*!40000 ALTER TABLE `order_type` ENABLE KEYS */;
UNLOCK TABLES;

--
-- Table structure for table `raw`
--

DROP TABLE IF EXISTS `raw`;
/*!40101 SET @saved_cs_client     = @@character_set_client */;
/*!50503 SET character_set_client = utf8mb4 */;
CREATE TABLE `raw` (
  `raw_id` int NOT NULL,
  `raw_title` varchar(35) DEFAULT NULL,
  PRIMARY KEY (`raw_id`)
) ENGINE=InnoDB DEFAULT CHARSET=utf8mb4 COLLATE=utf8mb4_0900_ai_ci;
/*!40101 SET character_set_client = @saved_cs_client */;

--
-- Dumping data for table `raw`
--

LOCK TABLES `raw` WRITE;
/*!40000 ALTER TABLE `raw` DISABLE KEYS */;
INSERT INTO `raw` VALUES (2000,'Шоколад'),(2001,'Згущене молоко'),(2003,'Шоколадна крихта');
/*!40000 ALTER TABLE `raw` ENABLE KEYS */;
UNLOCK TABLES;

--
-- Table structure for table `raw_obtainiing`
--

DROP TABLE IF EXISTS `raw_obtainiing`;
/*!40101 SET @saved_cs_client     = @@character_set_client */;
/*!50503 SET character_set_client = utf8mb4 */;
CREATE TABLE `raw_obtainiing` (
  `raw_obtaining_id` int NOT NULL,
  `raw_id` int DEFAULT NULL,
  `raw_title` varchar(35) DEFAULT NULL,
  `raw_quantity` double DEFAULT '0',
  `obtaining_date` date DEFAULT NULL,
  `final_calculation_date` date DEFAULT NULL,
  PRIMARY KEY (`raw_obtaining_id`)
) ENGINE=InnoDB DEFAULT CHARSET=utf8mb4 COLLATE=utf8mb4_0900_ai_ci;
/*!40101 SET character_set_client = @saved_cs_client */;

--
-- Dumping data for table `raw_obtainiing`
--

LOCK TABLES `raw_obtainiing` WRITE;
/*!40000 ALTER TABLE `raw_obtainiing` DISABLE KEYS */;
INSERT INTO `raw_obtainiing` VALUES (1000,2000,'Шоколад',60.35,'2024-02-01','2024-02-29'),(1001,2001,'Згущене молоко',80.2,'2024-02-01','2024-02-29'),(1002,2003,'Шоколадна крихта',30.56,'2024-02-01','2024-02-29'),(1003,2000,'Шоколад',64.54,'2024-03-01','2024-03-31'),(1004,2003,'Шоколадна крихта',61.66,'2024-03-01','2024-03-31'),(1010,2000,'Шоколад',20.22,'2024-04-01','2024-04-30'),(1011,2001,'Згущене молоко',80.11,'2024-04-01','2024-04-29'),(1012,2003,'Шоколадна крихта',101.1,'2024-04-01','2024-04-30'),(1014,2001,'Згущене молоко',61.792,'2024-05-26','2024-05-30'),(1123,2000,'Шоколад',1.224,'2024-06-12','2024-06-30'),(5445,2003,'Шоколадна крихта',1.222,'2024-05-26','2024-05-26');
/*!40000 ALTER TABLE `raw_obtainiing` ENABLE KEYS */;
UNLOCK TABLES;

--
-- Table structure for table `shops`
--

DROP TABLE IF EXISTS `shops`;
/*!40101 SET @saved_cs_client     = @@character_set_client */;
/*!50503 SET character_set_client = utf8mb4 */;
CREATE TABLE `shops` (
  `shop_id` int NOT NULL,
  `shop_title` varchar(35) DEFAULT NULL,
  PRIMARY KEY (`shop_id`)
) ENGINE=InnoDB DEFAULT CHARSET=utf8mb4 COLLATE=utf8mb4_0900_ai_ci;
/*!40101 SET character_set_client = @saved_cs_client */;

--
-- Dumping data for table `shops`
--

LOCK TABLES `shops` WRITE;
/*!40000 ALTER TABLE `shops` DISABLE KEYS */;
INSERT INTO `shops` VALUES (3000,'А5'),(3001,'А2'),(3003,'Нива');
/*!40000 ALTER TABLE `shops` ENABLE KEYS */;
UNLOCK TABLES;

--
-- Table structure for table `used_raw_report`
--

DROP TABLE IF EXISTS `used_raw_report`;
/*!40101 SET @saved_cs_client     = @@character_set_client */;
/*!50503 SET character_set_client = utf8mb4 */;
CREATE TABLE `used_raw_report` (
  `used_raw_id` int NOT NULL AUTO_INCREMENT,
  `raw_id` int DEFAULT NULL,
  `raw_title` varchar(35) DEFAULT NULL,
  `used_raw_quantity` double DEFAULT NULL,
  `used_raw_date` date DEFAULT NULL,
  `confectioner` varchar(60) DEFAULT NULL,
  `raw_quantity_per_month` double DEFAULT NULL,
  `obtaining_date` date DEFAULT NULL,
  `final_calculation_date` date DEFAULT NULL,
  PRIMARY KEY (`used_raw_id`)
) ENGINE=InnoDB AUTO_INCREMENT=33 DEFAULT CHARSET=utf8mb4 COLLATE=utf8mb4_0900_ai_ci;
/*!40101 SET character_set_client = @saved_cs_client */;

--
-- Dumping data for table `used_raw_report`
--

LOCK TABLES `used_raw_report` WRITE;
/*!40000 ALTER TABLE `used_raw_report` DISABLE KEYS */;
INSERT INTO `used_raw_report` VALUES (18,2000,'Шоколад',1.345,'2024-02-27','Таня Шевченко',60.35,'2024-02-01','2024-02-29'),(21,2000,'Шоколад',0.655,'2024-03-10','Таня Шевченко',20.55,'2024-03-01','2024-03-31'),(22,2001,'Згущене молоко',0.655,'2024-03-10','Таня Шевченко',20.55,'2024-03-01','2024-03-31'),(23,2000,'Шоколад',1.656,'2024-03-11','Таня Шевченко',20.55,'2024-03-01','2024-03-31'),(24,2003,'Шоколадна крихта',1.133,'2024-02-27','Аня Трачук',61.66,'2024-03-01','2024-03-31'),(25,2000,'Шоколад',1.548,'2024-03-23','Таня Шевченко',64.54,'2024-03-01','2024-03-31'),(26,2000,'Шоколад',12.22,'2024-04-21','Таня Шевченко',20.22,'2024-04-01','2024-04-30'),(27,2001,'Згущене молоко',30.33,'2024-04-21','Таня Шевченко',80.11,'2024-04-01','2024-04-29'),(28,2003,'Шоколадна крихта',2.222,'2024-04-21','Таня Шевченко',101.1,'2024-04-01','2024-04-30'),(29,2000,'Шоколад',1.345,'2024-04-21','Таня Шевченко',20.22,'2024-04-01','2024-04-30'),(30,2000,'Шоколад',4.544,'2024-05-14','Таня Шевченко',30.56,'2024-05-01','2024-05-31'),(31,2001,'Згущене молоко',80.54,'2024-05-14','Таня Шевченко',60.54,'2024-05-01','2024-05-30'),(32,2000,'Шоколад',0.222,'2024-06-12','Таня Шевченко',1.224,'2024-06-12','2024-06-30');
/*!40000 ALTER TABLE `used_raw_report` ENABLE KEYS */;
UNLOCK TABLES;

--
-- Table structure for table `users`
--

DROP TABLE IF EXISTS `users`;
/*!40101 SET @saved_cs_client     = @@character_set_client */;
/*!50503 SET character_set_client = utf8mb4 */;
CREATE TABLE `users` (
  `user_id` int NOT NULL AUTO_INCREMENT,
  `user_name` varchar(25) DEFAULT NULL,
  `user_surname` varchar(25) DEFAULT NULL,
  `username` int DEFAULT NULL,
  `user_password` varchar(8) DEFAULT NULL,
  `user_role` varchar(25) DEFAULT NULL,
  `user_birthday` date DEFAULT NULL,
  `user_email` varchar(80) DEFAULT NULL,
  `user_phone` varchar(50) DEFAULT NULL,
  `user_country` varchar(35) DEFAULT NULL,
  `user_city` varchar(35) DEFAULT NULL,
  `user_region` varchar(35) DEFAULT NULL,
  `user_postal_code` int DEFAULT NULL,
  PRIMARY KEY (`user_id`),
  CONSTRAINT `users_chk_1` CHECK (((`username` >= 100000) and (`username` <= 999999))),
  CONSTRAINT `users_chk_3` CHECK (((`user_postal_code` >= 10000) and (`user_postal_code` <= 99999)))
) ENGINE=InnoDB AUTO_INCREMENT=9 DEFAULT CHARSET=utf8mb4 COLLATE=utf8mb4_0900_ai_ci;
/*!40101 SET character_set_client = @saved_cs_client */;

--
-- Dumping data for table `users`
--

LOCK TABLES `users` WRITE;
/*!40000 ALTER TABLE `users` DISABLE KEYS */;
INSERT INTO `users` VALUES (1,'Таня','Шевченко',122032,'8Esaq765','Головний кондитер','1997-02-20','tanyashevchenko@sweetbakery.com','(+380)88-123-14-12','Україна','Коломия','Івано-Франківська обл.',78203),(4,'Аня','Трачук',120120,'92gfdi73','Кондитер','1984-02-14','anyatrach@sweetbakery.com','(+380)82-213-65-00','Україна','Коломия','Івано-Франківська обл.',78200),(5,'Давид','Лукінчук',100101,'761iqqw1','Admin','1994-10-24','devlukinchuk@softcom.com','(+380)10-100-12-60','Україна','Львів','Львівська обл.',79007),(7,'Джулі','Чой',427674,'eIVlYotx','Головний кондитер','2003-02-06','juliechoi@gmail.com','(+380)10-100-12-60','Україна','Коломия','Івано-Франківська обл.',78203);
/*!40000 ALTER TABLE `users` ENABLE KEYS */;
UNLOCK TABLES;

--
-- Table structure for table `users_actions`
--

DROP TABLE IF EXISTS `users_actions`;
/*!40101 SET @saved_cs_client     = @@character_set_client */;
/*!50503 SET character_set_client = utf8mb4 */;
CREATE TABLE `users_actions` (
  `action_id` int NOT NULL AUTO_INCREMENT,
  `action_title` varchar(1000) DEFAULT NULL,
  `users_username` int DEFAULT NULL,
  `user_fullname` varchar(65) DEFAULT NULL,
  `action_time` datetime DEFAULT NULL,
  PRIMARY KEY (`action_id`),
  CONSTRAINT `users_actions_chk_1` CHECK (((`users_username` >= 100000) and (`users_username` <= 999999)))
) ENGINE=InnoDB AUTO_INCREMENT=902 DEFAULT CHARSET=utf8mb4 COLLATE=utf8mb4_0900_ai_ci;
/*!40101 SET character_set_client = @saved_cs_client */;

--
-- Dumping data for table `users_actions`
--

LOCK TABLES `users_actions` WRITE;
/*!40000 ALTER TABLE `users_actions` DISABLE KEYS */;
INSERT INTO `users_actions` VALUES (13,'Вхід на сторінку \'Звіт: Відправлена продукція\'',122032,'Таня Шевченко','2024-03-31 22:29:03'),(15,'Відкрито сторінку \'Використана сировина: Розрахунок залишку сировини\'',122032,'Таня Шевченко','2024-03-31 22:29:07'),(16,'Відкрито сторінку \'Сировина\'',122032,'Таня Шевченко','2024-03-31 22:29:07'),(17,'Відкрито сторінку \'Дані про випічку\'',122032,'Таня Шевченко','2024-03-31 22:29:08'),(18,'Відкрито сторінку \'Редагувати дані\'',122032,'Таня Шевченко','2024-03-31 22:29:08'),(19,'Відкрито сторінку \'Зарплата\'',122032,'Таня Шевченко','2024-03-31 22:29:10'),(20,'Вхід на сторінку \'Звіт: Відправлена продукція\'',122032,'Таня Шевченко','2024-03-31 22:29:26'),(21,'Відкрито сторінку \'Данний звіт\'',122032,'Таня Шевченко','2024-03-31 22:29:26'),(22,'Відкрито сторінку \'Звіт використаної сировини\'',122032,'Таня Шевченко','2024-03-31 22:29:29'),(23,'Відкрито сторінку \'Звіт відправленої продукції\'',122032,'Таня Шевченко','2024-03-31 22:29:30'),(24,'Вхід на сторінку \'Додати відправлену продукцію\'',122032,'Таня Шевченко','2024-03-31 22:29:34'),(25,'Вхід на сторінку \'Звіт: Відправлена продукція\'',122032,'Таня Шевченко','2024-03-31 22:29:37'),(26,'Здійснено пошук випеценої продукції за датою 2024-03-31',122032,'Таня Шевченко','2024-03-31 22:29:42'),(27,'Закрито пошук випеченої продукції',122032,'Таня Шевченко','2024-03-31 22:29:42'),(28,'Відкрито сторінку \'Звіт використаної сировини\'',122032,'Таня Шевченко','2024-03-31 22:29:45'),(29,'Здійснено пошук використаної сировини за 2024-03-31',122032,'Таня Шевченко','2024-03-31 22:29:46'),(30,'Закрито пошук даних зі звіту використаної сировини',122032,'Таня Шевченко','2024-03-31 22:29:47'),(31,'Відкрито сторінку \'Звіт відправленої продукції\'',122032,'Таня Шевченко','2024-03-31 22:29:48'),(32,'Здійснено пошук відправленої продукції за 31.03.2024',122032,'Таня Шевченко','2024-03-31 22:29:48'),(33,'Закрито пошук відправленої продукції',122032,'Таня Шевченко','2024-03-31 22:29:49'),(34,'Вхід на сторінку \'Звіт: Відправлена продукція\'',122032,'Таня Шевченко','2024-03-31 22:29:58'),(35,'Здійснено видалення даних з таблиці випеченої продукції',122032,'Таня Шевченко','2024-03-31 22:30:02'),(36,'Вхід на сторінку \'Редагувати випечену продукцію\'',122032,'Таня Шевченко','2024-03-31 22:30:03'),(37,'Оновлення даних в таблиці \'Випечена продукція\' _cakeID=9',122032,'Таня Шевченко','2024-03-31 22:30:06'),(38,'Вхід на сторінку \'Редагувати випечену продукцію\'',122032,'Таня Шевченко','2024-03-31 22:30:09'),(39,'Вхід на сторінку \'Редагувати випечену продукцію\'',122032,'Таня Шевченко','2024-03-31 22:30:13'),(40,'Оновлення даних в таблиці \'Випечена продукція\' _cakeID=9',122032,'Таня Шевченко','2024-03-31 22:30:22'),(41,'Відкрито сторінку \'Звіт використаної сировини\'',122032,'Таня Шевченко','2024-03-31 22:30:25'),(42,'Вхід на сторінку \'Звіт: Відправлена продукція\'',122032,'Таня Шевченко','2024-03-31 22:30:26'),(43,'Вхід на сторінку \'Редагувати випечену продукцію\'',122032,'Таня Шевченко','2024-03-31 22:30:32'),(44,'Оновлення даних в таблиці \'Випечена продукція\' _cakeID=11',122032,'Таня Шевченко','2024-03-31 22:30:42'),(45,'Вхід на сторінку \'Редагувати випечену продукцію\'',122032,'Таня Шевченко','2024-03-31 22:30:44'),(46,'Оновлення даних в таблиці \'Випечена продукція\' _cakeID=12',122032,'Таня Шевченко','2024-03-31 22:30:50'),(47,'Здійснено видалення даних з таблиці випеченої продукції',122032,'Таня Шевченко','2024-03-31 22:30:54'),(48,'Відкрито сторінку \'Звіт використаної сировини\'',122032,'Таня Шевченко','2024-03-31 22:30:57'),(49,'Вхід на сторінку \'Звіт: Відправлена продукція\'',122032,'Таня Шевченко','2024-03-31 22:30:58'),(50,'Здійснено пошук випеценої продукції за датою 2024-03-03',122032,'Таня Шевченко','2024-03-31 22:31:14'),(51,'Згенеровано звіт випечепної продукції за 03.03.2024 0:00:00',122032,'Таня Шевченко','2024-03-31 22:31:19'),(52,'Відкрито сторінку \'Звіт використаної сировини\'',122032,'Таня Шевченко','2024-03-31 22:31:29'),(53,'Здійснено пошук використаної сировини за 2024-03-31',122032,'Таня Шевченко','2024-03-31 22:31:31'),(54,'Закрито пошук даних зі звіту використаної сировини',122032,'Таня Шевченко','2024-03-31 22:31:32'),(55,'Здійснено пошук використаної сировини за 2024-03-03',122032,'Таня Шевченко','2024-03-31 22:31:35'),(56,'Закрито пошук даних зі звіту використаної сировини',122032,'Таня Шевченко','2024-03-31 22:31:35'),(57,'Здійснено пошук використаної сировини за 2024-03-10',122032,'Таня Шевченко','2024-03-31 22:31:40'),(58,'Згенеровано \'Звіт використаної сировини\'',122032,'Таня Шевченко','2024-03-31 22:31:44'),(59,'Закрито пошук даних зі звіту використаної сировини',122032,'Таня Шевченко','2024-03-31 22:31:46'),(60,'Відкрито Головну сторінку - Статистику працівника',NULL,NULL,'2024-03-31 22:32:13'),(61,'Відкрито Головну сторінку - Статистику працівника',122032,'Таня Шевченко','2024-03-31 22:34:18'),(62,'Відкрито сторінку \'Дані про випічку\'',122032,'Таня Шевченко','2024-03-31 22:34:20'),(63,'Відкрито сторінку \'Редагувати дані\'',122032,'Таня Шевченко','2024-03-31 22:34:20'),(64,'Вхід на сторінку \'Звіт: Відправлена продукція\'',122032,'Таня Шевченко','2024-03-31 22:34:21'),(65,'Відкрито сторінку \'Данний звіт\'',122032,'Таня Шевченко','2024-03-31 22:34:21'),(66,'Відкрито сторінку \'Звіт використаної сировини\'',122032,'Таня Шевченко','2024-03-31 22:34:22'),(67,'Видалено дані з таблиці \'Звіт використаної сировини\' ID=19',122032,'Таня Шевченко','2024-03-31 22:34:24'),(68,'Відкрито сторінку \'Звіт відправленої продукції\'',122032,'Таня Шевченко','2024-03-31 22:34:28'),(69,'Відкрито сторінку \'Звіт використаної сировини\'',122032,'Таня Шевченко','2024-03-31 22:34:28'),(70,'Відкрито сторінку \'Звіт відправленої продукції\'',122032,'Таня Шевченко','2024-03-31 22:34:34'),(71,'Видалено дані з таблиці \'Звіт відправленої продукції\'',122032,'Таня Шевченко','2024-03-31 22:34:38'),(72,'Відкрито сторінку \'Звіт відправленої продукції\'',122032,'Таня Шевченко','2024-03-31 22:34:40'),(73,'Відкрито сторінку \'Використана сировина: Розрахунок залишку сировини\'',122032,'Таня Шевченко','2024-03-31 22:34:56'),(74,'Відкрито сторінку \'Сировина\'',122032,'Таня Шевченко','2024-03-31 22:34:56'),(75,'Відкрито сторінку \'Поставка сировини\'',122032,'Таня Шевченко','2024-03-31 22:35:01'),(76,'Відкрито сторінку \'Зарплата\'',122032,'Таня Шевченко','2024-03-31 22:35:14'),(77,'Відкрито Головну сторінку - Статистику працівника',NULL,NULL,'2024-03-31 22:35:28'),(78,'Відкрито Головну сторінку - Статистику працівника',NULL,NULL,'2024-04-01 13:41:13'),(79,'Відкрито сторінку \'Профіль покристувача\'',100101,'Давид Лукінчук','2024-04-01 17:00:48'),(80,'Відкрито сторінку \'Профіль покристувача\'',100101,'Давид Лукінчук','2024-04-01 17:02:04'),(81,'Відкрито Головну сторінку - Статистику працівника',NULL,NULL,'2024-04-09 12:30:21'),(82,'Відкрито Головну сторінку - Статистику працівника',NULL,NULL,'2024-04-12 12:55:06'),(83,'Відкрито Головну сторінку - Статистику працівника',NULL,NULL,'2024-04-16 17:38:37'),(84,'Відкрито Головну сторінку - Статистику працівника',122032,'Таня Шевченко','2024-04-21 19:07:34'),(85,'Відкрито сторінку \'Зарплата\'',122032,'Таня Шевченко','2024-04-21 19:07:45'),(86,'Відкрито сторінку \'Рецепти\'',122032,'Таня Шевченко','2024-04-21 19:08:42'),(87,'Відкрито Головну сторінку - Статистику працівника',122032,'Таня Шевченко','2024-04-21 19:14:07'),(88,'Вхід на сторінку \'Звіт: Відправлена продукція\'',122032,'Таня Шевченко','2024-04-21 19:14:08'),(89,'Відкрито сторінку \'Данний звіт\'',122032,'Таня Шевченко','2024-04-21 19:14:08'),(90,'Відкрито сторінку \'Додати випечену продукцію\'',122032,'Таня Шевченко','2024-04-21 19:14:10'),(91,'Додано нові дані в таблицю на сторінці \'Додати випечену продукцію\'',122032,'Таня Шевченко','2024-04-21 19:14:20'),(92,'Додано нові дані в таблицю на сторінці \'Додати випечену продукцію\'',122032,'Таня Шевченко','2024-04-21 19:14:30'),(93,'Додано нові дані в таблицю на сторінці \'Додати випечену продукцію\'',122032,'Таня Шевченко','2024-04-21 19:14:33'),(94,'Додано нові дані в таблицю на сторінці \'Додати випечену продукцію\'',122032,'Таня Шевченко','2024-04-21 19:14:44'),(95,'Додано нові дані в таблицю на сторінці \'Додати випечену продукцію\'',122032,'Таня Шевченко','2024-04-21 19:14:56'),(96,'Закрито сторінку \'Додати випечену продукцію\'',122032,'Таня Шевченко','2024-04-21 19:14:57'),(97,'Відкрито сторінку \'Профіль покристувача\'',122032,'Таня Шевченко','2024-04-21 19:14:58'),(98,'Відкрито Головну сторінку - Статистику працівника',122032,'Таня Шевченко','2024-04-21 19:17:06'),(99,'Вхід на сторінку \'Звіт: Відправлена продукція\'',122032,'Таня Шевченко','2024-04-21 19:17:11'),(100,'Відкрито сторінку \'Данний звіт\'',122032,'Таня Шевченко','2024-04-21 19:17:11'),(101,'Відкрито сторінку \'Звіт відправленої продукції\'',122032,'Таня Шевченко','2024-04-21 19:17:12'),(102,'Вхід на сторінку \'Додати відправлену продукцію\'',122032,'Таня Шевченко','2024-04-21 19:17:13'),(103,'Додано дані до таблиці \'Відправлена продукція\'',122032,'Таня Шевченко','2024-04-21 19:17:17'),(104,'Додано дані до таблиці \'Відправлена продукція\'',122032,'Таня Шевченко','2024-04-21 19:17:25'),(105,'Додано дані до таблиці \'Відправлена продукція\'',122032,'Таня Шевченко','2024-04-21 19:17:30'),(106,'Додано дані до таблиці \'Відправлена продукція\'',122032,'Таня Шевченко','2024-04-21 19:17:39'),(107,'Додано дані до таблиці \'Відправлена продукція\'',122032,'Таня Шевченко','2024-04-21 19:17:43'),(108,'Додано дані до таблиці \'Відправлена продукція\'',122032,'Таня Шевченко','2024-04-21 19:17:49'),(109,'Додано дані до таблиці \'Відправлена продукція\'',122032,'Таня Шевченко','2024-04-21 19:17:55'),(110,'Додано дані до таблиці \'Відправлена продукція\'',122032,'Таня Шевченко','2024-04-21 19:17:59'),(111,'Відкрито сторінку \'Профіль покристувача\'',122032,'Таня Шевченко','2024-04-21 19:18:02'),(112,'Відкрито Головну сторінку - Статистику працівника',122032,'Таня Шевченко','2024-04-21 19:18:03'),(113,'Вхід на сторінку \'Звіт: Відправлена продукція\'',122032,'Таня Шевченко','2024-04-21 19:19:09'),(114,'Відкрито сторінку \'Данний звіт\'',122032,'Таня Шевченко','2024-04-21 19:19:09'),(115,'Здійснено пошук випеценої продукції за датою 2024-04-21',122032,'Таня Шевченко','2024-04-21 19:19:52'),(116,'Згенеровано звіт випечепної продукції за 21.04.2024 0:00:00',122032,'Таня Шевченко','2024-04-21 19:20:24'),(117,'Відкрито сторінку \'Звіт відправленої продукції\'',122032,'Таня Шевченко','2024-04-21 19:21:17'),(118,'Здійснено пошук відправленої продукції за 21.04.2024',122032,'Таня Шевченко','2024-04-21 19:21:22'),(119,'Згенеровано звіт відправленої продукції',122032,'Таня Шевченко','2024-04-21 19:21:41'),(120,'Відкрито сторінку \'Використана сировина: Розрахунок залишку сировини\'',122032,'Таня Шевченко','2024-04-21 19:25:36'),(121,'Відкрито сторінку \'Сировина\'',122032,'Таня Шевченко','2024-04-21 19:25:36'),(122,'Вхід на сторінку \'Звіт: Відправлена продукція\'',122032,'Таня Шевченко','2024-04-21 19:25:39'),(123,'Відкрито сторінку \'Данний звіт\'',122032,'Таня Шевченко','2024-04-21 19:25:39'),(124,'Відкрито сторінку \'Використана сировина: Розрахунок залишку сировини\'',122032,'Таня Шевченко','2024-04-21 19:25:40'),(125,'Відкрито сторінку \'Сировина\'',122032,'Таня Шевченко','2024-04-21 19:25:40'),(126,'Відкрито сторінку \'Поставка сировини\'',122032,'Таня Шевченко','2024-04-21 19:25:41'),(127,'Додано дані в таблицю \'Поставка сировини\' ID = 1010',122032,'Таня Шевченко','2024-04-21 19:26:07'),(128,'Додано дані в таблицю \'Поставка сировини\' ID = 1011',122032,'Таня Шевченко','2024-04-21 19:26:33'),(129,'Додано дані в таблицю \'Поставка сировини\' ID = 1012',122032,'Таня Шевченко','2024-04-21 19:26:52'),(130,'Відкрито сторінку \'Редагувати поставку сировини\'',122032,'Таня Шевченко','2024-04-21 19:26:55'),(131,'Відредаговано поставку сировини ID = 1010',122032,'Таня Шевченко','2024-04-21 19:27:04'),(132,'Відкрито сторінку \'Використана сировина: Розрахунок залишку сировини\'',122032,'Таня Шевченко','2024-04-21 19:27:06'),(133,'Відкрито Головну сторінку - Статистику працівника',122032,'Таня Шевченко','2024-04-21 19:27:08'),(134,'Вхід на сторінку \'Звіт: Відправлена продукція\'',122032,'Таня Шевченко','2024-04-21 19:27:08'),(135,'Відкрито сторінку \'Данний звіт\'',122032,'Таня Шевченко','2024-04-21 19:27:08'),(136,'Відкрито сторінку \'Звіт використаної сировини\'',122032,'Таня Шевченко','2024-04-21 19:27:09'),(137,'Відкрито сторінку \'Додати використану сировину\'',122032,'Таня Шевченко','2024-04-21 19:27:27'),(138,'Додано дані в таблицю \'Звіт використаної сировини\' _rawID=2000',122032,'Таня Шевченко','2024-04-21 19:27:35'),(139,'Додано дані в таблицю \'Звіт використаної сировини\' _rawID=2001',122032,'Таня Шевченко','2024-04-21 19:27:43'),(140,'Додано дані в таблицю \'Звіт використаної сировини\' _rawID=2003',122032,'Таня Шевченко','2024-04-21 19:27:52'),(141,'Додано дані в таблицю \'Звіт використаної сировини\' _rawID=2000',122032,'Таня Шевченко','2024-04-21 19:28:00'),(142,'Закрито сторінку \'Додати використану сировину\'',122032,'Таня Шевченко','2024-04-21 19:28:02'),(143,'Відкрито сторінку \'Звіт використаної сировини\'',122032,'Таня Шевченко','2024-04-21 19:28:07'),(144,'Здійснено пошук використаної сировини за 2024-04-21',122032,'Таня Шевченко','2024-04-21 19:28:10'),(145,'Згенеровано \'Звіт використаної сировини\'',122032,'Таня Шевченко','2024-04-21 19:28:23'),(146,'Відкрито сторінку \'Використана сировина: Розрахунок залишку сировини\'',122032,'Таня Шевченко','2024-04-21 19:28:24'),(147,'Відкрито сторінку \'Сировина\'',122032,'Таня Шевченко','2024-04-21 19:28:24'),(148,'Здійснено пошук залишку сировини на сторінці \'Використана сировина: Розрахунок залишку сировини\'',122032,'Таня Шевченко','2024-04-21 19:28:35'),(149,'Закрито пошук залишку сировини за заданий місяць \'Використана сировина: Розрахунок залишку сировини\'',122032,'Таня Шевченко','2024-04-21 19:28:36'),(150,'Відкрито сторінку \'Використана сировина: Розрахунок залишку сировини\'',122032,'Таня Шевченко','2024-04-21 19:28:40'),(151,'Згенеровано звіт залишку сировини для друку за поточний місяць',122032,'Таня Шевченко','2024-04-21 19:52:23'),(152,'Відкрито Головну сторінку - Статистику працівника',NULL,NULL,'2024-04-25 18:26:45'),(153,'Відкрито Головну сторінку - Статистику працівника',NULL,NULL,'2024-04-26 11:43:12'),(154,'Відкрито Головну сторінку - Статистику працівника',122032,'Таня Шевченко','2024-04-28 16:31:44'),(155,'Відкрито сторінку \'Зарплата\'',122032,'Таня Шевченко','2024-04-28 16:31:46'),(156,'Вхід на сторінку \'Звіт: Відправлена продукція\'',122032,'Таня Шевченко','2024-04-28 16:31:49'),(157,'Відкрито сторінку \'Данний звіт\'',122032,'Таня Шевченко','2024-04-28 16:31:49'),(158,'Відкрито сторінку \'Звіт відправленої продукції\'',122032,'Таня Шевченко','2024-04-28 16:31:51'),(159,'Здійснено пошук відправленої продукції за 21.04.2024',122032,'Таня Шевченко','2024-04-28 16:31:58'),(160,'Згенеровано звіт відправленої продукції',122032,'Таня Шевченко','2024-04-28 16:32:09'),(161,'Відкрито Головну сторінку - Статистику працівника',122032,'Таня Шевченко','2024-04-28 16:34:47'),(162,'Відкрито сторінку \'Зарплата\'',122032,'Таня Шевченко','2024-04-28 16:34:50'),(163,'Відкрито сторінку \'Дані про випічку\'',122032,'Таня Шевченко','2024-04-28 16:34:53'),(164,'Відкрито сторінку \'Редагувати дані\'',122032,'Таня Шевченко','2024-04-28 16:34:53'),(165,'Відкрито сторінку \'Використана сировина: Розрахунок залишку сировини\'',122032,'Таня Шевченко','2024-04-28 16:34:54'),(166,'Відкрито сторінку \'Сировина\'',122032,'Таня Шевченко','2024-04-28 16:34:54'),(167,'Згенеровано звіт залишку сировини для друку за поточний місяць',122032,'Таня Шевченко','2024-04-28 16:35:11'),(168,'Відкрито Головну сторінку - Статистику працівника',122032,'Таня Шевченко','2024-04-28 19:24:58'),(169,'Відкрито Головну сторінку - Статистику працівника',122032,'Таня Шевченко','2024-04-28 20:07:49'),(170,'Відкрито сторінку \'Зарплата\'',122032,'Таня Шевченко','2024-04-28 20:07:52'),(171,'Відкрито сторінку \'Профіль покристувача\'',122032,'Таня Шевченко','2024-04-28 20:07:57'),(172,'Відкрито сторінку \'Зарплата\'',122032,'Таня Шевченко','2024-04-28 20:07:59'),(173,'Відкрито сторінку \'Профіль покристувача\'',122032,'Таня Шевченко','2024-04-28 20:08:25'),(174,'Вхід на сторінку \'Звіт: Відправлена продукція\'',122032,'Таня Шевченко','2024-04-28 20:08:27'),(175,'Відкрито сторінку \'Данний звіт\'',122032,'Таня Шевченко','2024-04-28 20:08:27'),(176,'Відкрито сторінку \'Додати випечену продукцію\'',122032,'Таня Шевченко','2024-04-28 20:08:30'),(177,'Додано нові дані в таблицю на сторінці \'Додати випечену продукцію\'',122032,'Таня Шевченко','2024-04-28 20:08:38'),(178,'Закрито сторінку \'Додати випечену продукцію\'',122032,'Таня Шевченко','2024-04-28 20:08:39'),(179,'Відкрито сторінку \'Зарплата\'',122032,'Таня Шевченко','2024-04-28 20:08:40'),(180,'Вхід на сторінку \'Звіт: Відправлена продукція\'',122032,'Таня Шевченко','2024-04-28 20:11:39'),(181,'Відкрито сторінку \'Данний звіт\'',122032,'Таня Шевченко','2024-04-28 20:11:39'),(182,'Відкрито сторінку \'Додати випечену продукцію\'',122032,'Таня Шевченко','2024-04-28 20:11:40'),(183,'Закрито сторінку \'Додати випечену продукцію\'',122032,'Таня Шевченко','2024-04-28 20:12:09'),(184,'Вхід на сторінку \'Редагувати випечену продукцію\'',122032,'Таня Шевченко','2024-04-28 20:12:11'),(185,'Відкрито Головну сторінку - Статистику працівника',122032,'Таня Шевченко','2024-04-28 22:38:27'),(186,'Відкрито сторінку \'Дані про випічку\'',122032,'Таня Шевченко','2024-04-28 22:38:30'),(187,'Відкрито сторінку \'Редагувати дані\'',122032,'Таня Шевченко','2024-04-28 22:38:30'),(188,'Відкрито сторінку \'Використана сировина: Розрахунок залишку сировини\'',122032,'Таня Шевченко','2024-04-28 22:38:31'),(189,'Відкрито сторінку \'Сировина\'',122032,'Таня Шевченко','2024-04-28 22:38:31'),(190,'Відкрито сторінку \'Поставка сировини\'',122032,'Таня Шевченко','2024-04-28 22:38:32'),(192,'Відкрито сторінку \'Профіль покристувача\'',100101,'Давид Лукінчук','2024-05-06 14:13:06'),(193,'Відкрито сторінку \'Профіль покристувача\'',100101,'Давид Лукінчук','2024-05-06 14:13:09'),(194,'Відкрито сторінку \'Профіль покристувача\'',100101,'Давид Лукінчук','2024-05-06 14:13:25'),(195,'Відкрито сторінку \'Профіль покристувача\'',100101,'Давид Лукінчук','2024-05-06 20:40:27'),(196,'Відкрито сторінку \'Профіль покристувача\'',100101,'Давид Лукінчук','2024-05-06 20:46:10'),(197,'Здійснено видалення даних з таблиці історія користувачів',100101,'Давид Лукінчук','2024-05-06 21:03:19'),(198,'Здійснено видалення даних з таблиці історія користувачів',100101,'Давид Лукінчук','2024-05-06 21:03:22'),(199,'Здійснено видалення даних з таблиці історія користувачів',100101,'Давид Лукінчук','2024-05-06 21:03:28'),(200,'Здійснено видалення даних з таблиці історія користувачів',100101,'Давид Лукінчук','2024-05-06 21:03:31'),(201,'Здійснено видалення даних з таблиці історія користувачів',100101,'Давид Лукінчук','2024-05-06 21:17:05'),(202,'Здійснено видалення даних з таблиці історія користувачів',100101,'Давид Лукінчук','2024-05-06 21:17:08'),(203,'Здійснено видалення даних з таблиці історія користувачів',100101,'Давид Лукінчук','2024-05-06 21:17:10'),(204,'Здійснено видалення даних з таблиці історія користувачів',100101,'Давид Лукінчук','2024-05-06 21:17:13'),(205,'Відкрито сторінку \'Профіль покристувача\'',100101,'Давид Лукінчук','2024-05-06 21:17:15'),(206,'Здійснено видалення даних з таблиці історія користувачів',100101,'Давид Лукінчук','2024-05-06 21:17:28'),(207,'Здійснено видалення даних з таблиці історія користувачів',100101,'Давид Лукінчук','2024-05-06 21:17:31'),(215,'Здійснено видалення даних з таблиці історія користувачів',100101,'Давид Лукінчук','2024-05-06 21:36:42'),(216,'Здійснено видалення даних з таблиці історія користувачів',100101,'Давид Лукінчук','2024-05-06 21:36:45'),(217,'Здійснено видалення даних з таблиці історія користувачів',100101,'Давид Лукінчук','2024-05-06 21:36:47'),(218,'Здійснено видалення даних з таблиці історія користувачів',100101,'Давид Лукінчук','2024-05-06 21:36:51'),(219,'Здійснено видалення даних з таблиці історія користувачів',100101,'Давид Лукінчук','2024-05-06 21:37:03'),(220,'Здійснено видалення даних з таблиці історія користувачів',100101,'Давид Лукінчук','2024-05-06 21:37:28'),(221,'Відкрито сторінку \'Профіль покристувача\'',100101,'Давид Лукінчук','2024-05-07 18:44:58'),(222,'Здійснено пошук випеценої продукції за датою 2024-05-07',100101,'Давид Лукінчук','2024-05-07 18:59:50'),(223,'Здійснено пошук випеценої продукції за датою 2024-05-07',100101,'Давид Лукінчук','2024-05-07 18:59:52'),(224,'Здійснено пошук випеценої продукції за датою 2024-05-07',100101,'Давид Лукінчук','2024-05-07 18:59:53'),(225,'Здійснено пошук випеценої продукції за датою 2024-05-07',100101,'Давид Лукінчук','2024-05-07 18:59:53'),(226,'Здійснено пошук випеценої продукції за датою 2024-05-07',100101,'Давид Лукінчук','2024-05-07 18:59:54'),(227,'Здійснено пошук випеценої продукції за датою 2024-05-07',100101,'Давид Лукінчук','2024-05-07 18:59:54'),(228,'Здійснено пошук випеценої продукції за датою 2024-05-01',100101,'Давид Лукінчук','2024-05-07 18:59:58'),(229,'Здійснено пошук випеценої продукції за датою 2024-05-07',100101,'Давид Лукінчук','2024-05-07 19:00:11'),(230,'Здійснено пошук випеценої продукції за датою 2024-05-07',100101,'Давид Лукінчук','2024-05-07 19:00:14'),(231,'Здійснено пошук випеценої продукції за датою 2024-05-07',100101,'Давид Лукінчук','2024-05-07 19:00:26'),(232,'Здійснено пошук випеценої продукції за датою 2024-05-07',100101,'Давид Лукінчук','2024-05-07 19:00:27'),(233,'Здійснено пошук випеценої продукції за датою 2024-05-07',100101,'Давид Лукінчук','2024-05-07 19:08:02'),(234,'Здійснено пошук випеценої продукції за датою 2024-05-07',100101,'Давид Лукінчук','2024-05-07 19:08:05'),(235,'Здійснено пошук випеценої продукції за датою 2024-05-07',100101,'Давид Лукінчук','2024-05-07 19:08:13'),(236,'Здійснено пошук випеценої продукції за датою 2024-05-07',100101,'Давид Лукінчук','2024-05-07 19:08:18'),(237,'Здійснено пошук випеценої продукції за датою 2024-05-02',100101,'Давид Лукінчук','2024-05-07 19:08:21'),(238,'Здійснено пошук випеценої продукції за датою 2024-04-28',100101,'Давид Лукінчук','2024-05-07 19:08:40'),(239,'Здійснено пошук випеценої продукції за датою 2024-04-28',100101,'Давид Лукінчук','2024-05-07 19:08:42'),(240,'Здійснено пошук випеценої продукції за датою 2024-04-28',100101,'Давид Лукінчук','2024-05-07 19:08:53'),(241,'Здійснено пошук випеценої продукції за датою 2024-04-28',100101,'Давид Лукінчук','2024-05-07 19:08:59'),(242,'Здійснено пошук історії користувача System.Data.DataRowView за датою 2024-05-07 00:00:00',100101,'Давид Лукінчук','2024-05-07 19:17:03'),(243,'Здійснено пошук історії користувача System.Data.DataRowView за датою 2024-05-07 00:00:00',100101,'Давид Лукінчук','2024-05-07 19:17:14'),(244,'Здійснено пошук історії користувача System.Data.DataRowView за датою 2024-05-07 00:00:00',100101,'Давид Лукінчук','2024-05-07 19:17:18'),(245,'Здійснено пошук історії користувача System.Data.DataRowView за датою 2024-05-07 00:00:00',100101,'Давид Лукінчук','2024-05-07 19:17:33'),(246,'Здійснено пошук історії користувача System.Data.DataRowView за датою 2024-05-07 00:00:00',100101,'Давид Лукінчук','2024-05-07 19:17:36'),(247,'Здійснено пошук історії користувача Всі користувачі за датою 2024-05-07 00:00:00',100101,'Давид Лукінчук','2024-05-07 20:02:39'),(248,'Здійснено пошук історії користувача 122032 за датою 2024-04-28 00:00:00',100101,'Давид Лукінчук','2024-05-07 20:02:56'),(249,'Відкрито сторінку \'Профіль покристувача\'',100101,'Давид Лукінчук','2024-05-08 17:52:30'),(250,'Відкрито сторінку \'Профіль покристувача\'',100101,'Давид Лукінчук','2024-05-08 18:40:31'),(251,'Відкрито сторінку \'Профіль покристувача\'',100101,'Давид Лукінчук','2024-05-08 18:40:35'),(252,'Відкрито сторінку \'Профіль покристувача\'',100101,'Давид Лукінчук','2024-05-08 18:41:34'),(253,'Відкрито сторінку \'Профіль покристувача\'',100101,'Давид Лукінчук','2024-05-08 18:41:49'),(254,'Відкрито сторінку \'Профіль покристувача\'',100101,'Давид Лукінчук','2024-05-08 18:41:54'),(255,'Відкрито сторінку \'Профіль покристувача\'',100101,'Давид Лукінчук','2024-05-08 18:41:56'),(256,'Відкрито сторінку \'Профіль покристувача\'',100101,'Давид Лукінчук','2024-05-08 18:42:00'),(257,'Відкрито сторінку \'Профіль покристувача\'',100101,'Давид Лукінчук','2024-05-08 18:44:44'),(258,'Відкрито Головну сторінку - Статистику працівника',122032,'Таня Шевченко','2024-05-14 12:12:41'),(259,'Відкрито сторінку \'Дані про випічку\'',122032,'Таня Шевченко','2024-05-14 12:12:50'),(260,'Відкрито сторінку \'Редагувати дані\'',122032,'Таня Шевченко','2024-05-14 12:12:50'),(261,'Відкрито сторінку \'Використана сировина: Розрахунок залишку сировини\'',122032,'Таня Шевченко','2024-05-14 12:12:52'),(262,'Відкрито сторінку \'Сировина\'',122032,'Таня Шевченко','2024-05-14 12:12:52'),(263,'Відкрито сторінку \'Поставка сировини\'',122032,'Таня Шевченко','2024-05-14 12:12:55'),(264,'Додано дані в таблицю \'Поставка сировини\' ID = 1013',122032,'Таня Шевченко','2024-05-14 12:13:34'),(265,'Додано дані в таблицю \'Поставка сировини\' ID = 1014',122032,'Таня Шевченко','2024-05-14 12:14:00'),(266,'Вхід на сторінку \'Звіт: Відправлена продукція\'',122032,'Таня Шевченко','2024-05-14 12:14:06'),(267,'Відкрито сторінку \'Данний звіт\'',122032,'Таня Шевченко','2024-05-14 12:14:06'),(268,'Відкрито сторінку \'Звіт використаної сировини\'',122032,'Таня Шевченко','2024-05-14 12:14:07'),(269,'Відкрито сторінку \'Додати використану сировину\'',122032,'Таня Шевченко','2024-05-14 12:14:09'),(270,'Додано дані в таблицю \'Звіт використаної сировини\' _rawID=2000',122032,'Таня Шевченко','2024-05-14 12:14:28'),(271,'Додано дані в таблицю \'Звіт використаної сировини\' _rawID=2001',122032,'Таня Шевченко','2024-05-14 12:14:43'),(272,'Закрито сторінку \'Додати використану сировину\'',122032,'Таня Шевченко','2024-05-14 12:14:44'),(273,'Відкрито сторінку \'Дані про випічку\'',122032,'Таня Шевченко','2024-05-14 12:14:46'),(274,'Відкрито сторінку \'Редагувати дані\'',122032,'Таня Шевченко','2024-05-14 12:14:46'),(275,'Відкрито сторінку \'Зарплата\'',122032,'Таня Шевченко','2024-05-14 12:14:47'),(276,'Відкрито сторінку \'Використана сировина: Розрахунок залишку сировини\'',122032,'Таня Шевченко','2024-05-14 12:14:48'),(277,'Відкрито сторінку \'Сировина\'',122032,'Таня Шевченко','2024-05-14 12:14:48'),(278,'Відкрито сторінку \'Профіль покристувача\'',100101,'Давид Лукінчук','2024-05-15 12:39:25'),(279,'Відкрито сторінку \'Профіль покристувача\'',100101,'Давид Лукінчук','2024-05-15 12:39:33'),(280,'Відкрито сторінку \'Профіль покристувача\'',100101,'Давид Лукінчук','2024-05-15 12:41:33'),(281,'Відкрито Головну сторінку - Статистику працівника',122032,'Таня Шевченко','2024-05-15 12:42:04'),(282,'Вхід на сторінку \'Звіт: Відправлена продукція\'',122032,'Таня Шевченко','2024-05-15 12:42:09'),(283,'Відкрито сторінку \'Данний звіт\'',122032,'Таня Шевченко','2024-05-15 12:42:09'),(284,'Відкрито сторінку \'Профіль покристувача\'',122032,'Таня Шевченко','2024-05-15 12:42:10'),(285,'Відкрито сторінку \'Зарплата\'',122032,'Таня Шевченко','2024-05-15 12:42:18'),(286,'Відкрито сторінку \'Дані про випічку\'',122032,'Таня Шевченко','2024-05-15 12:42:22'),(287,'Відкрито сторінку \'Редагувати дані\'',122032,'Таня Шевченко','2024-05-15 12:42:22'),(288,'Відкрито сторінку \'Використана сировина: Розрахунок залишку сировини\'',122032,'Таня Шевченко','2024-05-15 12:42:23'),(289,'Відкрито сторінку \'Сировина\'',122032,'Таня Шевченко','2024-05-15 12:42:23'),(290,'Вхід на сторінку \'Звіт: Відправлена продукція\'',122032,'Таня Шевченко','2024-05-15 12:42:25'),(291,'Відкрито сторінку \'Данний звіт\'',122032,'Таня Шевченко','2024-05-15 12:42:25'),(292,'Відкрито Головну сторінку - Статистику працівника',122032,'Таня Шевченко','2024-05-15 12:42:25'),(293,'Відкрито сторінку \'Рецепти\'',122032,'Таня Шевченко','2024-05-15 12:42:33'),(294,'Відкрито сторінку \'Профіль покристувача\'',122032,'Таня Шевченко','2024-05-15 12:42:39'),(295,'Відкрито Головну сторінку - Статистику працівника',122032,'Таня Шевченко','2024-05-15 22:29:30'),(296,'Вхід на сторінку \'Звіт: Відправлена продукція\'',122032,'Таня Шевченко','2024-05-15 22:31:30'),(297,'Відкрито сторінку \'Данний звіт\'',122032,'Таня Шевченко','2024-05-15 22:31:30'),(298,'Здійснено видалення даних з таблиці випеченої продукції',122032,'Таня Шевченко','2024-05-15 22:31:40'),(299,'Здійснено видалення даних з таблиці випеченої продукції',122032,'Таня Шевченко','2024-05-15 22:31:57'),(300,'Здійснено видалення даних з таблиці випеченої продукції',122032,'Таня Шевченко','2024-05-15 22:32:15'),(301,'Відкрито Головну сторінку - Статистику працівника',122032,'Таня Шевченко','2024-05-15 22:41:05'),(302,'Вхід на сторінку \'Звіт: Відправлена продукція\'',122032,'Таня Шевченко','2024-05-15 22:41:09'),(303,'Відкрито сторінку \'Данний звіт\'',122032,'Таня Шевченко','2024-05-15 22:41:09'),(304,'Здійснено видалення даних з таблиці випеченої продукції',122032,'Таня Шевченко','2024-05-15 22:41:12'),(305,'Здійснено видалення даних з таблиці випеченої продукції',122032,'Таня Шевченко','2024-05-15 22:41:15'),(306,'Здійснено видалення даних з таблиці випеченої продукції',122032,'Таня Шевченко','2024-05-15 22:41:23'),(307,'Здійснено пошук випеценої продукції за датою 2024-05-15',122032,'Таня Шевченко','2024-05-15 22:41:25'),(308,'Закрито пошук випеченої продукції',122032,'Таня Шевченко','2024-05-15 22:41:26'),(309,'Здійснено пошук випеценої продукції за датою 2024-05-15',122032,'Таня Шевченко','2024-05-15 22:41:27'),(310,'Закрито пошук випеченої продукції',122032,'Таня Шевченко','2024-05-15 22:41:28'),(311,'Відкрито сторінку \'Звіт використаної сировини\'',122032,'Таня Шевченко','2024-05-15 22:42:29'),(312,'Видалено дані з таблиці \'Звіт використаної сировини\' ID=17',122032,'Таня Шевченко','2024-05-15 22:42:31'),(313,'Відкрито сторінку \'Звіт відправленої продукції\'',122032,'Таня Шевченко','2024-05-15 22:42:33'),(314,'Вхід на сторінку \'Звіт: Відправлена продукція\'',122032,'Таня Шевченко','2024-05-15 22:42:35'),(315,'Відкрито сторінку \'Звіт відправленої продукції\'',122032,'Таня Шевченко','2024-05-15 22:42:35'),(316,'Вхід на сторінку \'Звіт: Відправлена продукція\'',122032,'Таня Шевченко','2024-05-15 22:42:37'),(317,'Відкрито сторінку \'Використана сировина: Розрахунок залишку сировини\'',122032,'Таня Шевченко','2024-05-15 22:42:41'),(318,'Відкрито сторінку \'Сировина\'',122032,'Таня Шевченко','2024-05-15 22:42:41'),(319,'Відкрито сторінку \'Поставка сировини\'',122032,'Таня Шевченко','2024-05-15 22:42:43'),(320,'Видалено дані з таблиці \'Поставка сировини\' ID = 1013',122032,'Таня Шевченко','2024-05-15 22:42:46'),(321,'Відкрито сторінку \'Профіль покристувача\'',122032,'Таня Шевченко','2024-05-15 22:42:49'),(322,'Відкрито сторінку \'Зарплата\'',122032,'Таня Шевченко','2024-05-15 22:42:50'),(323,'Відкрито сторінку \'Профіль покристувача\'',122032,'Таня Шевченко','2024-05-15 22:42:58'),(324,'Відкрито сторінку \'Профіль покристувача\'',100101,'Давид Лукінчук','2024-05-16 13:19:57'),(325,'Відкрито сторінку \'Профіль покристувача\'',100101,'Давид Лукінчук','2024-05-17 13:57:54'),(326,'Відкрито сторінку \'Профіль покристувача\'',100101,'Давид Лукінчук','2024-05-17 19:09:14'),(327,'Здійснено пошук історії користувача Всі користувачі за датою 2024-05-15 00:00:00',100101,'Давид Лукінчук','2024-05-17 20:04:21'),(328,'Здійснено пошук історії користувача Всі користувачі за датою 2024-05-11 00:00:00',100101,'Давид Лукінчук','2024-05-17 20:04:26'),(329,'Здійснено пошук історії користувача Всі користувачі за датою 2024-05-06 00:00:00',100101,'Давид Лукінчук','2024-05-17 20:04:30'),(330,'Відкрито Головну сторінку - Статистику працівника',122032,'Таня Шевченко','2024-05-17 23:49:16'),(331,'Відкрито сторінку \'Профіль покристувача\'',122032,'Таня Шевченко','2024-05-17 23:49:19'),(332,'Відкрито Головну сторінку - Статистику працівника',122032,'Таня Шевченко','2024-05-17 23:50:00'),(333,'Вхід на сторінку \'Звіт: Відправлена продукція\'',122032,'Таня Шевченко','2024-05-17 23:50:24'),(334,'Відкрито сторінку \'Данний звіт\'',122032,'Таня Шевченко','2024-05-17 23:50:24'),(335,'Відкрито сторінку \'Використана сировина: Розрахунок залишку сировини\'',122032,'Таня Шевченко','2024-05-17 23:50:26'),(336,'Відкрито сторінку \'Сировина\'',122032,'Таня Шевченко','2024-05-17 23:50:26'),(337,'Відкрито сторінку \'Рецепти\'',122032,'Таня Шевченко','2024-05-17 23:50:34'),(338,'Відкрито сторінку \'Рецепти\'',122032,'Таня Шевченко','2024-05-17 23:50:46'),(339,'Відкрито сторінку \'Зарплата\'',122032,'Таня Шевченко','2024-05-17 23:51:51'),(340,'Відкрито сторінку \'Дані про випічку\'',122032,'Таня Шевченко','2024-05-17 23:59:09'),(341,'Відкрито сторінку \'Редагувати дані\'',122032,'Таня Шевченко','2024-05-17 23:59:09'),(342,'Відкрито сторінку \'Використана сировина: Розрахунок залишку сировини\'',122032,'Таня Шевченко','2024-05-17 23:59:16'),(343,'Відкрито сторінку \'Сировина\'',122032,'Таня Шевченко','2024-05-17 23:59:16'),(344,'Відкрито сторінку \'Поставка сировини\'',122032,'Таня Шевченко','2024-05-18 00:01:00'),(345,'Відкрито сторінку \'Дані про випічку\'',122032,'Таня Шевченко','2024-05-18 00:05:14'),(346,'Відкрито сторінку \'Редагувати дані\'',122032,'Таня Шевченко','2024-05-18 00:05:14'),(347,'Відкрито сторінку \'Профіль покристувача\'',122032,'Таня Шевченко','2024-05-18 00:05:19'),(348,'Відкрито Головну сторінку - Статистику працівника',122032,'Таня Шевченко','2024-05-18 00:05:45'),(349,'Відкрито сторінку \'Профіль покристувача\'',122032,'Таня Шевченко','2024-05-18 00:05:47'),(350,'Вхід на сторінку \'Звіт: Відправлена продукція\'',122032,'Таня Шевченко','2024-05-18 00:05:57'),(351,'Відкрито сторінку \'Данний звіт\'',122032,'Таня Шевченко','2024-05-18 00:05:57'),(352,'Відкрито сторінку \'Дані про випічку\'',122032,'Таня Шевченко','2024-05-18 00:06:05'),(353,'Відкрито сторінку \'Редагувати дані\'',122032,'Таня Шевченко','2024-05-18 00:06:05'),(354,'Відкрито сторінку \'Зарплата\'',122032,'Таня Шевченко','2024-05-18 00:06:11'),(355,'Відкрито сторінку \'Використана сировина: Розрахунок залишку сировини\'',122032,'Таня Шевченко','2024-05-18 00:06:13'),(356,'Відкрито сторінку \'Сировина\'',122032,'Таня Шевченко','2024-05-18 00:06:13'),(357,'Вхід на сторінку \'Звіт: Відправлена продукція\'',122032,'Таня Шевченко','2024-05-18 00:06:15'),(358,'Відкрито сторінку \'Данний звіт\'',122032,'Таня Шевченко','2024-05-18 00:06:15'),(359,'Відкрито Головну сторінку - Статистику працівника',122032,'Таня Шевченко','2024-05-18 00:06:35'),(360,'Відкрито сторінку \'Профіль покристувача\'',122032,'Таня Шевченко','2024-05-18 00:06:42'),(361,'Відкрито сторінку \'Дані про випічку\'',122032,'Таня Шевченко','2024-05-18 00:06:43'),(362,'Відкрито сторінку \'Редагувати дані\'',122032,'Таня Шевченко','2024-05-18 00:06:43'),(363,'Відкрито сторінку \'Зарплата\'',122032,'Таня Шевченко','2024-05-18 00:06:44'),(364,'Відкрито сторінку \'Використана сировина: Розрахунок залишку сировини\'',122032,'Таня Шевченко','2024-05-18 00:06:50'),(365,'Відкрито сторінку \'Сировина\'',122032,'Таня Шевченко','2024-05-18 00:06:50'),(366,'Вхід на сторінку \'Звіт: Відправлена продукція\'',122032,'Таня Шевченко','2024-05-18 00:06:53'),(367,'Відкрито сторінку \'Данний звіт\'',122032,'Таня Шевченко','2024-05-18 00:06:53'),(368,'Відкрито сторінку \'Звіт використаної сировини\'',122032,'Таня Шевченко','2024-05-18 00:07:01'),(369,'Відкрито сторінку \'Звіт відправленої продукції\'',122032,'Таня Шевченко','2024-05-18 00:07:02'),(370,'Вхід на сторінку \'Звіт: Відправлена продукція\'',122032,'Таня Шевченко','2024-05-18 00:07:04'),(371,'Відкрито Головну сторінку - Статистику працівника',NULL,NULL,'2024-05-19 14:44:16'),(372,'Відкрито Головну сторінку - Статистику працівника',120120,'Аня Трачук','2024-05-19 14:53:18'),(373,'Відкрито сторінку \'Профіль покристувача\'',120120,'Аня Трачук','2024-05-19 14:53:26'),(374,'Відкрито Головну сторінку - Статистику працівника',120120,'Аня Трачук','2024-05-19 14:53:31'),(375,'Вхід на сторінку \'Звіт: Відправлена продукція\'',120120,'Аня Трачук','2024-05-19 14:53:32'),(376,'Відкрито сторінку \'Данний звіт\'',120120,'Аня Трачук','2024-05-19 14:53:32'),(377,'Відкрито сторінку \'Зарплата\'',120120,'Аня Трачук','2024-05-19 14:53:32'),(378,'Відкрито Головну сторінку - Статистику працівника',122032,'Таня Шевченко','2024-05-19 15:00:55'),(379,'Відкрито сторінку \'Зарплата\'',122032,'Таня Шевченко','2024-05-19 15:00:56'),(380,'Відкрито сторінку \'Рецепти\'',122032,'Таня Шевченко','2024-05-19 15:00:58'),(381,'Відкрито сторінку \'Рецепти\'',122032,'Таня Шевченко','2024-05-19 15:01:15'),(382,'Відкрито Головну сторінку - Статистику працівника',122032,'Таня Шевченко','2024-05-19 15:13:54'),(383,'Відкрито сторінку \'Дані про випічку\'',122032,'Таня Шевченко','2024-05-19 15:13:55'),(384,'Відкрито сторінку \'Редагувати дані\'',122032,'Таня Шевченко','2024-05-19 15:13:55'),(385,'Відкрито сторінку \'Використана сировина: Розрахунок залишку сировини\'',122032,'Таня Шевченко','2024-05-19 15:13:56'),(386,'Відкрито сторінку \'Сировина\'',122032,'Таня Шевченко','2024-05-19 15:13:56'),(387,'Відкрито сторінку \'Зарплата\'',122032,'Таня Шевченко','2024-05-19 15:13:58'),(388,'Відкрито сторінку \'Рецепти\'',122032,'Таня Шевченко','2024-05-19 15:13:59'),(389,'Відкрито Головну сторінку - Статистику працівника',122032,'Таня Шевченко','2024-05-19 15:15:07'),(390,'Відкрито сторінку \'Зарплата\'',122032,'Таня Шевченко','2024-05-19 15:15:08'),(391,'Відкрито сторінку \'Рецепти\'',122032,'Таня Шевченко','2024-05-19 15:15:09'),(392,'Відкрито Головну сторінку - Статистику працівника',122032,'Таня Шевченко','2024-05-19 15:20:55'),(393,'Вхід на сторінку \'Звіт: Відправлена продукція\'',122032,'Таня Шевченко','2024-05-19 15:21:01'),(394,'Відкрито сторінку \'Данний звіт\'',122032,'Таня Шевченко','2024-05-19 15:21:01'),(395,'Відкрито сторінку \'Зарплата\'',122032,'Таня Шевченко','2024-05-19 15:21:03'),(396,'Відкрито сторінку \'Рецепти\'',122032,'Таня Шевченко','2024-05-19 15:21:05'),(397,'Відкрито сторінку \'Рецепти\'',122032,'Таня Шевченко','2024-05-19 15:21:08'),(398,'Відкрито Головну сторінку - Статистику працівника',122032,'Таня Шевченко','2024-05-19 15:23:37'),(399,'Відкрито сторінку \'Використана сировина: Розрахунок залишку сировини\'',122032,'Таня Шевченко','2024-05-19 15:23:39'),(400,'Відкрито сторінку \'Сировина\'',122032,'Таня Шевченко','2024-05-19 15:23:39'),(401,'Вхід на сторінку \'Звіт: Відправлена продукція\'',122032,'Таня Шевченко','2024-05-19 15:23:40'),(402,'Відкрито сторінку \'Данний звіт\'',122032,'Таня Шевченко','2024-05-19 15:23:40'),(403,'Відкрито сторінку \'Дані про випічку\'',122032,'Таня Шевченко','2024-05-19 15:23:43'),(404,'Відкрито сторінку \'Редагувати дані\'',122032,'Таня Шевченко','2024-05-19 15:23:43'),(405,'Відкрито сторінку \'Зарплата\'',122032,'Таня Шевченко','2024-05-19 15:23:44'),(406,'Відкрито сторінку \'Рецепти\'',122032,'Таня Шевченко','2024-05-19 15:23:45'),(407,'Відкрито Головну сторінку - Статистику працівника',122032,'Таня Шевченко','2024-05-19 20:05:53'),(408,'Відкрито сторінку \'Зарплата\'',122032,'Таня Шевченко','2024-05-19 20:05:54'),(409,'Відкрито Головну сторінку - Статистику працівника',122032,'Таня Шевченко','2024-05-19 20:07:34'),(410,'Відкрито сторінку \'Використана сировина: Розрахунок залишку сировини\'',122032,'Таня Шевченко','2024-05-19 20:07:36'),(411,'Відкрито сторінку \'Сировина\'',122032,'Таня Шевченко','2024-05-19 20:07:36'),(412,'Відкрито сторінку \'Дані про випічку\'',122032,'Таня Шевченко','2024-05-19 20:07:36'),(413,'Відкрито сторінку \'Редагувати дані\'',122032,'Таня Шевченко','2024-05-19 20:07:36'),(414,'Відкрито сторінку \'Використана сировина: Розрахунок залишку сировини\'',122032,'Таня Шевченко','2024-05-19 20:07:37'),(415,'Відкрито сторінку \'Сировина\'',122032,'Таня Шевченко','2024-05-19 20:07:37'),(416,'Відкрито сторінку \'Зарплата\'',122032,'Таня Шевченко','2024-05-19 20:07:38'),(417,'Відкрито Головну сторінку - Статистику працівника',122032,'Таня Шевченко','2024-05-20 18:43:39'),(418,'Відкрито сторінку \'Дані про випічку\'',122032,'Таня Шевченко','2024-05-20 18:43:55'),(419,'Відкрито сторінку \'Редагувати дані\'',122032,'Таня Шевченко','2024-05-20 18:43:55'),(420,'Відкрито сторінку \'Зарплата\'',122032,'Таня Шевченко','2024-05-20 18:43:56'),(421,'Відкрито Головну сторінку - Статистику працівника',122032,'Таня Шевченко','2024-05-20 18:45:31'),(422,'Відкрито сторінку \'Зарплата\'',122032,'Таня Шевченко','2024-05-20 18:45:32'),(423,'Відкрито сторінку \'Зарплата\'',122032,'Таня Шевченко','2024-05-20 18:45:33'),(424,'Відкрито Головну сторінку - Статистику працівника',122032,'Таня Шевченко','2024-05-20 18:51:24'),(425,'Відкрито сторінку \'Зарплата\'',122032,'Таня Шевченко','2024-05-20 18:51:28'),(426,'Відкрито Головну сторінку - Статистику працівника',NULL,NULL,'2024-05-21 23:07:52'),(427,'Відкрито Головну сторінку - Статистику працівника',NULL,NULL,'2024-05-24 14:02:15'),(428,'Відкрито Головну сторінку - Статистику працівника',122032,'Таня Шевченко','2024-05-24 14:43:28'),(429,'Відкрито сторінку \'Зарплата\'',122032,'Таня Шевченко','2024-05-24 14:43:30'),(430,'Відкрито Головну сторінку - Статистику працівника',122032,'Таня Шевченко','2024-05-24 15:16:52'),(431,'Відкрито сторінку \'Зарплата\'',122032,'Таня Шевченко','2024-05-24 15:16:53'),(432,'Відкрито сторінку \'Профіль покристувача\'',122032,'Таня Шевченко','2024-05-24 15:16:56'),(433,'Відкрито Головну сторінку - Статистику працівника',122032,'Таня Шевченко','2024-05-24 15:16:58'),(434,'Вхід на сторінку \'Звіт: Відправлена продукція\'',122032,'Таня Шевченко','2024-05-24 15:16:58'),(435,'Відкрито сторінку \'Данний звіт\'',122032,'Таня Шевченко','2024-05-24 15:16:58'),(436,'Відкрито сторінку \'Дані про випічку\'',122032,'Таня Шевченко','2024-05-24 15:17:03'),(437,'Відкрито сторінку \'Редагувати дані\'',122032,'Таня Шевченко','2024-05-24 15:17:03'),(438,'Відкрито сторінку \'Зарплата\'',122032,'Таня Шевченко','2024-05-24 15:17:04'),(439,'Відкрито Головну сторінку - Статистику працівника',122032,'Таня Шевченко','2024-05-24 17:01:40'),(440,'Відкрито сторінку \'Зарплата\'',122032,'Таня Шевченко','2024-05-24 17:01:42'),(441,'Вхід на сторінку \'Звіт: Відправлена продукція\'',122032,'Таня Шевченко','2024-05-24 17:01:45'),(442,'Відкрито сторінку \'Данний звіт\'',122032,'Таня Шевченко','2024-05-24 17:01:45'),(443,'Відкрито сторінку \'Профіль покристувача\'',122032,'Таня Шевченко','2024-05-24 17:01:48'),(444,'Відкрито сторінку \'Зарплата\'',122032,'Таня Шевченко','2024-05-24 17:01:49'),(445,'Відкрито Головну сторінку - Статистику працівника',122032,'Таня Шевченко','2024-05-24 19:16:18'),(446,'Відкрито сторінку \'Зарплата\'',122032,'Таня Шевченко','2024-05-24 19:16:20'),(447,'Відкрито сторінку \'Профіль покристувача\'',122032,'Таня Шевченко','2024-05-24 19:53:20'),(448,'Вхід на сторінку \'Звіт: Відправлена продукція\'',122032,'Таня Шевченко','2024-05-24 19:53:20'),(449,'Відкрито сторінку \'Данний звіт\'',122032,'Таня Шевченко','2024-05-24 19:53:20'),(450,'Відкрито сторінку \'Зарплата\'',122032,'Таня Шевченко','2024-05-24 19:53:25'),(451,'Відкрито Головну сторінку - Статистику працівника',122032,'Таня Шевченко','2024-05-25 12:08:24'),(452,'Вхід на сторінку \'Звіт: Відправлена продукція\'',122032,'Таня Шевченко','2024-05-25 12:08:29'),(453,'Відкрито сторінку \'Данний звіт\'',122032,'Таня Шевченко','2024-05-25 12:08:29'),(454,'Відкрито сторінку \'Зарплата\'',122032,'Таня Шевченко','2024-05-25 12:08:34'),(455,'Відкрито сторінку \'Профіль покристувача\'',122032,'Таня Шевченко','2024-05-25 12:08:36'),(456,'Вхід на сторінку \'Звіт: Відправлена продукція\'',122032,'Таня Шевченко','2024-05-25 12:08:38'),(457,'Відкрито сторінку \'Данний звіт\'',122032,'Таня Шевченко','2024-05-25 12:08:38'),(458,'Відкрито сторінку \'Профіль покристувача\'',122032,'Таня Шевченко','2024-05-25 12:08:55'),(459,'Відкрито сторінку \'Зарплата\'',122032,'Таня Шевченко','2024-05-25 12:08:56'),(460,'Відкрито Головну сторінку - Статистику працівника',122032,'Таня Шевченко','2024-05-25 12:17:08'),(461,'Відкрито сторінку \'Дані про випічку\'',122032,'Таня Шевченко','2024-05-25 12:17:09'),(462,'Відкрито сторінку \'Редагувати дані\'',122032,'Таня Шевченко','2024-05-25 12:17:09'),(463,'Відкрито сторінку \'Використана сировина: Розрахунок залишку сировини\'',122032,'Таня Шевченко','2024-05-25 12:17:12'),(464,'Відкрито сторінку \'Сировина\'',122032,'Таня Шевченко','2024-05-25 12:17:12'),(465,'Відкрито сторінку \'Зарплата\'',122032,'Таня Шевченко','2024-05-25 12:17:13'),(466,'Вхід на сторінку \'Звіт: Відправлена продукція\'',122032,'Таня Шевченко','2024-05-25 12:17:15'),(467,'Відкрито сторінку \'Данний звіт\'',122032,'Таня Шевченко','2024-05-25 12:17:15'),(468,'Відкрито сторінку \'Зарплата\'',122032,'Таня Шевченко','2024-05-25 12:17:16'),(469,'Відкрито Головну сторінку - Статистику працівника',122032,'Таня Шевченко','2024-05-25 12:18:53'),(470,'Відкрито сторінку \'Дані про випічку\'',122032,'Таня Шевченко','2024-05-25 12:18:55'),(471,'Відкрито сторінку \'Редагувати дані\'',122032,'Таня Шевченко','2024-05-25 12:18:55'),(472,'Відкрито сторінку \'Використана сировина: Розрахунок залишку сировини\'',122032,'Таня Шевченко','2024-05-25 12:19:00'),(473,'Відкрито сторінку \'Сировина\'',122032,'Таня Шевченко','2024-05-25 12:19:00'),(474,'Вхід на сторінку \'Звіт: Відправлена продукція\'',122032,'Таня Шевченко','2024-05-25 12:19:02'),(475,'Відкрито сторінку \'Данний звіт\'',122032,'Таня Шевченко','2024-05-25 12:19:02'),(476,'Відкрито сторінку \'Зарплата\'',122032,'Таня Шевченко','2024-05-25 12:19:08'),(477,'Відкрито Головну сторінку - Статистику працівника',122032,'Таня Шевченко','2024-05-25 12:22:27'),(478,'Відкрито сторінку \'Дані про випічку\'',122032,'Таня Шевченко','2024-05-25 12:22:28'),(479,'Відкрито сторінку \'Редагувати дані\'',122032,'Таня Шевченко','2024-05-25 12:22:28'),(480,'Відкрито сторінку \'Зарплата\'',122032,'Таня Шевченко','2024-05-25 12:22:28'),(481,'Відкрито Головну сторінку - Статистику працівника',122032,'Таня Шевченко','2024-05-25 19:04:26'),(482,'Відкрито сторінку \'Дані про випічку\'',122032,'Таня Шевченко','2024-05-25 19:04:30'),(483,'Відкрито сторінку \'Редагувати дані\'',122032,'Таня Шевченко','2024-05-25 19:04:30'),(484,'Відкрито сторінку \'Зарплата\'',122032,'Таня Шевченко','2024-05-25 19:04:31'),(485,'Відкрито Головну сторінку - Статистику працівника',122032,'Таня Шевченко','2024-05-25 19:29:29'),(486,'Відкрито сторінку \'Використана сировина: Розрахунок залишку сировини\'',122032,'Таня Шевченко','2024-05-25 19:29:31'),(487,'Відкрито сторінку \'Сировина\'',122032,'Таня Шевченко','2024-05-25 19:29:31'),(488,'Відкрито сторінку \'Зарплата\'',122032,'Таня Шевченко','2024-05-25 19:29:31'),(489,'Відкрито Головну сторінку - Статистику працівника',NULL,NULL,'2024-05-26 01:05:43'),(490,'Відкрито Головну сторінку - Статистику працівника',122032,'Таня Шевченко','2024-05-26 13:56:29'),(491,'Відкрито сторінку \'Дані про випічку\'',122032,'Таня Шевченко','2024-05-26 13:56:31'),(492,'Відкрито сторінку \'Редагувати дані\'',122032,'Таня Шевченко','2024-05-26 13:56:31'),(493,'Відкрито сторінку \'Використана сировина: Розрахунок залишку сировини\'',122032,'Таня Шевченко','2024-05-26 13:56:32'),(494,'Відкрито сторінку \'Сировина\'',122032,'Таня Шевченко','2024-05-26 13:56:32'),(495,'Відкрито сторінку \'Поставка сировини\'',122032,'Таня Шевченко','2024-05-26 13:56:34'),(496,'Додано дані в таблицю \'Поставка сировини\' ID = 1015',122032,'Таня Шевченко','2024-05-26 13:58:31'),(497,'Видалено дані з таблиці \'Поставка сировини\' ID = 1015',122032,'Таня Шевченко','2024-05-26 13:58:57'),(498,'Відкрито Головну сторінку - Статистику працівника',122032,'Таня Шевченко','2024-05-26 14:00:44'),(499,'Відкрито сторінку \'Дані про випічку\'',122032,'Таня Шевченко','2024-05-26 14:00:45'),(500,'Відкрито сторінку \'Редагувати дані\'',122032,'Таня Шевченко','2024-05-26 14:00:45'),(501,'Відкрито сторінку \'Використана сировина: Розрахунок залишку сировини\'',122032,'Таня Шевченко','2024-05-26 14:00:47'),(502,'Відкрито сторінку \'Сировина\'',122032,'Таня Шевченко','2024-05-26 14:00:47'),(503,'Відкрито сторінку \'Поставка сировини\'',122032,'Таня Шевченко','2024-05-26 14:00:48'),(504,'Додано дані в таблицю \'Поставка сировини\' ID = 1015',122032,'Таня Шевченко','2024-05-26 14:01:14'),(505,'Додано дані в таблицю \'Поставка сировини\' ID = 1016',122032,'Таня Шевченко','2024-05-26 14:02:24'),(506,'Видалено дані з таблиці \'Поставка сировини\' ID = 1016',122032,'Таня Шевченко','2024-05-26 14:02:36'),(507,'Видалено дані з таблиці \'Поставка сировини\' ID = 1015',122032,'Таня Шевченко','2024-05-26 14:02:39'),(508,'Відкрито Головну сторінку - Статистику працівника',122032,'Таня Шевченко','2024-05-26 14:08:17'),(509,'Відкрито сторінку \'Використана сировина: Розрахунок залишку сировини\'',122032,'Таня Шевченко','2024-05-26 14:08:19'),(510,'Відкрито сторінку \'Сировина\'',122032,'Таня Шевченко','2024-05-26 14:08:19'),(511,'Відкрито сторінку \'Поставка сировини\'',122032,'Таня Шевченко','2024-05-26 14:08:22'),(512,'Відкрито сторінку \'Використана сировина: Розрахунок залишку сировини\'',122032,'Таня Шевченко','2024-05-26 14:08:23'),(513,'Відкрито сторінку \'Поставка сировини\'',122032,'Таня Шевченко','2024-05-26 14:08:32'),(514,'Додано дані в таблицю \'Поставка сировини\' ID = 1015',122032,'Таня Шевченко','2024-05-26 14:09:14'),(515,'Додано дані в таблицю \'Поставка сировини\' ID = 1016',122032,'Таня Шевченко','2024-05-26 14:09:33'),(516,'Видалено дані з таблиці \'Поставка сировини\' ID = 1016',122032,'Таня Шевченко','2024-05-26 14:09:55'),(517,'Видалено дані з таблиці \'Поставка сировини\' ID = 1015',122032,'Таня Шевченко','2024-05-26 14:09:57'),(518,'Додано дані в таблицю \'Поставка сировини\' ID = 1016',122032,'Таня Шевченко','2024-05-26 14:10:00'),(519,'Видалено дані з таблиці \'Поставка сировини\' ID = 1016',122032,'Таня Шевченко','2024-05-26 14:10:08'),(520,'Відкрито Головну сторінку - Статистику працівника',122032,'Таня Шевченко','2024-05-26 14:15:07'),(521,'Відкрито сторінку \'Дані про випічку\'',122032,'Таня Шевченко','2024-05-26 14:15:09'),(522,'Відкрито сторінку \'Редагувати дані\'',122032,'Таня Шевченко','2024-05-26 14:15:09'),(523,'Відкрито сторінку \'Зарплата\'',122032,'Таня Шевченко','2024-05-26 14:15:11'),(524,'Відкрито сторінку \'Дані про випічку\'',122032,'Таня Шевченко','2024-05-26 14:15:13'),(525,'Відкрито сторінку \'Редагувати дані\'',122032,'Таня Шевченко','2024-05-26 14:15:13'),(526,'Відкрито сторінку \'Використана сировина: Розрахунок залишку сировини\'',122032,'Таня Шевченко','2024-05-26 14:15:18'),(527,'Відкрито сторінку \'Сировина\'',122032,'Таня Шевченко','2024-05-26 14:15:18'),(528,'Відкрито сторінку \'Поставка сировини\'',122032,'Таня Шевченко','2024-05-26 14:15:20'),(529,'Додано дані в таблицю \'Поставка сировини\' ID = 1015',122032,'Таня Шевченко','2024-05-26 14:15:50'),(530,'Відкрито Головну сторінку - Статистику працівника',122032,'Таня Шевченко','2024-05-26 14:22:15'),(531,'Відкрито сторінку \'Використана сировина: Розрахунок залишку сировини\'',122032,'Таня Шевченко','2024-05-26 14:22:16'),(532,'Відкрито сторінку \'Сировина\'',122032,'Таня Шевченко','2024-05-26 14:22:16'),(533,'Відкрито сторінку \'Поставка сировини\'',122032,'Таня Шевченко','2024-05-26 14:22:17'),(534,'Видалено дані з таблиці \'Поставка сировини\' ID = 1015',122032,'Таня Шевченко','2024-05-26 14:22:21'),(535,'Додано дані в таблицю \'Поставка сировини\' ID = 1015',122032,'Таня Шевченко','2024-05-26 14:22:41'),(536,'Видалено дані з таблиці \'Поставка сировини\' ID = 1015',122032,'Таня Шевченко','2024-05-26 14:23:09'),(537,'Додано дані в таблицю \'Поставка сировини\' ID = 1015',122032,'Таня Шевченко','2024-05-26 14:23:19'),(538,'Видалено дані з таблиці \'Поставка сировини\' ID = 1015',122032,'Таня Шевченко','2024-05-26 14:23:36'),(539,'Відкрито Головну сторінку - Статистику працівника',122032,'Таня Шевченко','2024-05-26 14:31:24'),(540,'Відкрито сторінку \'Використана сировина: Розрахунок залишку сировини\'',122032,'Таня Шевченко','2024-05-26 14:31:26'),(541,'Відкрито сторінку \'Сировина\'',122032,'Таня Шевченко','2024-05-26 14:31:26'),(542,'Відкрито сторінку \'Поставка сировини\'',122032,'Таня Шевченко','2024-05-26 14:31:29'),(543,'Додано дані в таблицю \'Поставка сировини\' ID = 1015',122032,'Таня Шевченко','2024-05-26 14:31:45'),(544,'Відкрито Головну сторінку - Статистику працівника',122032,'Таня Шевченко','2024-05-26 14:33:10'),(545,'Відкрито сторінку \'Зарплата\'',122032,'Таня Шевченко','2024-05-26 14:33:24'),(546,'Відкрито сторінку \'Дані про випічку\'',122032,'Таня Шевченко','2024-05-26 14:33:25'),(547,'Відкрито сторінку \'Редагувати дані\'',122032,'Таня Шевченко','2024-05-26 14:33:25'),(548,'Відкрито сторінку \'Використана сировина: Розрахунок залишку сировини\'',122032,'Таня Шевченко','2024-05-26 14:33:26'),(549,'Відкрито сторінку \'Сировина\'',122032,'Таня Шевченко','2024-05-26 14:33:26'),(550,'Відкрито сторінку \'Поставка сировини\'',122032,'Таня Шевченко','2024-05-26 14:33:27'),(551,'Видалено дані з таблиці \'Поставка сировини\' ID = 1015',122032,'Таня Шевченко','2024-05-26 14:33:43'),(552,'Відкрито Головну сторінку - Статистику працівника',122032,'Таня Шевченко','2024-05-26 14:41:03'),(553,'Вхід на сторінку \'Звіт: Відправлена продукція\'',122032,'Таня Шевченко','2024-05-26 14:41:05'),(554,'Відкрито сторінку \'Данний звіт\'',122032,'Таня Шевченко','2024-05-26 14:41:05'),(555,'Відкрито сторінку \'Дані про випічку\'',122032,'Таня Шевченко','2024-05-26 14:41:05'),(556,'Відкрито сторінку \'Редагувати дані\'',122032,'Таня Шевченко','2024-05-26 14:41:05'),(557,'Відкрито сторінку \'Використана сировина: Розрахунок залишку сировини\'',122032,'Таня Шевченко','2024-05-26 14:41:07'),(558,'Відкрито сторінку \'Сировина\'',122032,'Таня Шевченко','2024-05-26 14:41:07'),(559,'Відкрито сторінку \'Поставка сировини\'',122032,'Таня Шевченко','2024-05-26 14:41:08'),(560,'Додано дані в таблицю \'Поставка сировини\' ID = 1015',122032,'Таня Шевченко','2024-05-26 14:41:32'),(561,'Видалено дані з таблиці \'Поставка сировини\' ID = 1015',122032,'Таня Шевченко','2024-05-26 14:41:35'),(562,'Відкрито Головну сторінку - Статистику працівника',122032,'Таня Шевченко','2024-05-26 14:44:15'),(563,'Відкрито сторінку \'Використана сировина: Розрахунок залишку сировини\'',122032,'Таня Шевченко','2024-05-26 14:44:17'),(564,'Відкрито сторінку \'Сировина\'',122032,'Таня Шевченко','2024-05-26 14:44:17'),(565,'Відкрито сторінку \'Поставка сировини\'',122032,'Таня Шевченко','2024-05-26 14:44:17'),(566,'Додано дані в таблицю \'Поставка сировини\' ID = 1015',122032,'Таня Шевченко','2024-05-26 14:45:51'),(567,'Видалено дані з таблиці \'Поставка сировини\' ID = 1015',122032,'Таня Шевченко','2024-05-26 14:45:53'),(568,'Відкрито Головну сторінку - Статистику працівника',122032,'Таня Шевченко','2024-05-26 14:49:37'),(569,'Відкрито сторінку \'Використана сировина: Розрахунок залишку сировини\'',122032,'Таня Шевченко','2024-05-26 14:49:39'),(570,'Відкрито сторінку \'Сировина\'',122032,'Таня Шевченко','2024-05-26 14:49:39'),(571,'Відкрито сторінку \'Поставка сировини\'',122032,'Таня Шевченко','2024-05-26 14:49:40'),(572,'Відкрито Головну сторінку - Статистику працівника',122032,'Таня Шевченко','2024-05-26 15:00:56'),(573,'Відкрито сторінку \'Дані про випічку\'',122032,'Таня Шевченко','2024-05-26 15:00:57'),(574,'Відкрито сторінку \'Редагувати дані\'',122032,'Таня Шевченко','2024-05-26 15:00:57'),(575,'Відкрито сторінку \'Використана сировина: Розрахунок залишку сировини\'',122032,'Таня Шевченко','2024-05-26 15:00:58'),(576,'Відкрито сторінку \'Сировина\'',122032,'Таня Шевченко','2024-05-26 15:00:58'),(577,'Відкрито сторінку \'Дані про випічку\'',122032,'Таня Шевченко','2024-05-26 15:01:00'),(578,'Відкрито сторінку \'Редагувати дані\'',122032,'Таня Шевченко','2024-05-26 15:01:00'),(579,'Відкрито сторінку \'Зарплата\'',122032,'Таня Шевченко','2024-05-26 15:01:01'),(580,'Відкрито сторінку \'Дані про випічку\'',122032,'Таня Шевченко','2024-05-26 15:01:03'),(581,'Відкрито сторінку \'Редагувати дані\'',122032,'Таня Шевченко','2024-05-26 15:01:03'),(582,'Відкрито сторінку \'Використана сировина: Розрахунок залишку сировини\'',122032,'Таня Шевченко','2024-05-26 15:01:04'),(583,'Відкрито сторінку \'Сировина\'',122032,'Таня Шевченко','2024-05-26 15:01:04'),(584,'Відкрито сторінку \'Поставка сировини\'',122032,'Таня Шевченко','2024-05-26 15:01:06'),(585,'Відкрито Головну сторінку - Статистику працівника',122032,'Таня Шевченко','2024-05-26 15:09:02'),(586,'Відкрито сторінку \'Дані про випічку\'',122032,'Таня Шевченко','2024-05-26 15:09:04'),(587,'Відкрито сторінку \'Редагувати дані\'',122032,'Таня Шевченко','2024-05-26 15:09:04'),(588,'Відкрито сторінку \'Використана сировина: Розрахунок залишку сировини\'',122032,'Таня Шевченко','2024-05-26 15:09:07'),(589,'Відкрито сторінку \'Сировина\'',122032,'Таня Шевченко','2024-05-26 15:09:07'),(590,'Відкрито сторінку \'Поставка сировини\'',122032,'Таня Шевченко','2024-05-26 15:09:08'),(591,'Відкрито Головну сторінку - Статистику працівника',122032,'Таня Шевченко','2024-05-26 15:11:03'),(592,'Відкрито сторінку \'Використана сировина: Розрахунок залишку сировини\'',122032,'Таня Шевченко','2024-05-26 15:11:06'),(593,'Відкрито сторінку \'Сировина\'',122032,'Таня Шевченко','2024-05-26 15:11:06'),(594,'Відкрито сторінку \'Поставка сировини\'',122032,'Таня Шевченко','2024-05-26 15:11:06'),(595,'Відкрито Головну сторінку - Статистику працівника',122032,'Таня Шевченко','2024-05-26 15:18:19'),(596,'Відкрито сторінку \'Використана сировина: Розрахунок залишку сировини\'',122032,'Таня Шевченко','2024-05-26 15:18:21'),(597,'Відкрито сторінку \'Сировина\'',122032,'Таня Шевченко','2024-05-26 15:18:21'),(598,'Відкрито сторінку \'Поставка сировини\'',122032,'Таня Шевченко','2024-05-26 15:18:23'),(599,'Відкрито Головну сторінку - Статистику працівника',122032,'Таня Шевченко','2024-05-26 15:27:37'),(600,'Відкрито сторінку \'Дані про випічку\'',122032,'Таня Шевченко','2024-05-26 15:27:38'),(601,'Відкрито сторінку \'Редагувати дані\'',122032,'Таня Шевченко','2024-05-26 15:27:38'),(602,'Відкрито сторінку \'Використана сировина: Розрахунок залишку сировини\'',122032,'Таня Шевченко','2024-05-26 15:27:39'),(603,'Відкрито сторінку \'Сировина\'',122032,'Таня Шевченко','2024-05-26 15:27:39'),(604,'Відкрито сторінку \'Дані про випічку\'',122032,'Таня Шевченко','2024-05-26 15:27:40'),(605,'Відкрито сторінку \'Редагувати дані\'',122032,'Таня Шевченко','2024-05-26 15:27:40'),(606,'Відкрито сторінку \'Зарплата\'',122032,'Таня Шевченко','2024-05-26 15:27:41'),(607,'Відкрито сторінку \'Використана сировина: Розрахунок залишку сировини\'',122032,'Таня Шевченко','2024-05-26 15:27:43'),(608,'Відкрито сторінку \'Сировина\'',122032,'Таня Шевченко','2024-05-26 15:27:43'),(609,'Відкрито сторінку \'Поставка сировини\'',122032,'Таня Шевченко','2024-05-26 15:27:44'),(610,'Відкрито Головну сторінку - Статистику працівника',122032,'Таня Шевченко','2024-05-26 15:29:01'),(611,'Відкрито сторінку \'Використана сировина: Розрахунок залишку сировини\'',122032,'Таня Шевченко','2024-05-26 15:29:02'),(612,'Відкрито сторінку \'Сировина\'',122032,'Таня Шевченко','2024-05-26 15:29:02'),(613,'Відкрито сторінку \'Поставка сировини\'',122032,'Таня Шевченко','2024-05-26 15:29:04'),(614,'Додано дані в таблицю \'Поставка сировини\' ID = 1015',122032,'Таня Шевченко','2024-05-26 15:29:26'),(615,'Відкрито Головну сторінку - Статистику працівника',122032,'Таня Шевченко','2024-05-26 15:35:38'),(616,'Відкрито сторінку \'Використана сировина: Розрахунок залишку сировини\'',122032,'Таня Шевченко','2024-05-26 15:35:39'),(617,'Відкрито сторінку \'Сировина\'',122032,'Таня Шевченко','2024-05-26 15:35:39'),(618,'Відкрито Головну сторінку - Статистику працівника',122032,'Таня Шевченко','2024-05-26 15:37:15'),(619,'Відкрито сторінку \'Дані про випічку\'',122032,'Таня Шевченко','2024-05-26 15:37:23'),(620,'Відкрито сторінку \'Редагувати дані\'',122032,'Таня Шевченко','2024-05-26 15:37:23'),(621,'Відкрито сторінку \'Зарплата\'',122032,'Таня Шевченко','2024-05-26 15:37:24'),(622,'Відкрито сторінку \'Використана сировина: Розрахунок залишку сировини\'',122032,'Таня Шевченко','2024-05-26 15:37:26'),(623,'Відкрито сторінку \'Сировина\'',122032,'Таня Шевченко','2024-05-26 15:37:26'),(624,'Відкрито сторінку \'Поставка сировини\'',122032,'Таня Шевченко','2024-05-26 15:37:26'),(625,'Видалено дані з таблиці \'Поставка сировини\' ID = 1015',122032,'Таня Шевченко','2024-05-26 15:37:30'),(626,'Відкрито Головну сторінку - Статистику працівника',122032,'Таня Шевченко','2024-05-26 15:56:49'),(627,'Відкрито сторінку \'Використана сировина: Розрахунок залишку сировини\'',122032,'Таня Шевченко','2024-05-26 15:56:50'),(628,'Відкрито сторінку \'Сировина\'',122032,'Таня Шевченко','2024-05-26 15:56:50'),(629,'Відкрито сторінку \'Поставка сировини\'',122032,'Таня Шевченко','2024-05-26 15:56:52'),(630,'Відкрито Головну сторінку - Статистику працівника',122032,'Таня Шевченко','2024-05-26 16:06:13'),(631,'Відкрито сторінку \'Дані про випічку\'',122032,'Таня Шевченко','2024-05-26 16:06:15'),(632,'Відкрито сторінку \'Редагувати дані\'',122032,'Таня Шевченко','2024-05-26 16:06:15'),(633,'Відкрито сторінку \'Зарплата\'',122032,'Таня Шевченко','2024-05-26 16:06:15'),(634,'Відкрито сторінку \'Використана сировина: Розрахунок залишку сировини\'',122032,'Таня Шевченко','2024-05-26 16:06:16'),(635,'Відкрито сторінку \'Сировина\'',122032,'Таня Шевченко','2024-05-26 16:06:16'),(636,'Відкрито сторінку \'Поставка сировини\'',122032,'Таня Шевченко','2024-05-26 16:06:17'),(637,'Відкрито Головну сторінку - Статистику працівника',122032,'Таня Шевченко','2024-05-26 16:07:34'),(638,'Вхід на сторінку \'Звіт: Відправлена продукція\'',122032,'Таня Шевченко','2024-05-26 16:07:35'),(639,'Відкрито сторінку \'Данний звіт\'',122032,'Таня Шевченко','2024-05-26 16:07:35'),(640,'Відкрито сторінку \'Дані про випічку\'',122032,'Таня Шевченко','2024-05-26 16:07:36'),(641,'Відкрито сторінку \'Редагувати дані\'',122032,'Таня Шевченко','2024-05-26 16:07:36'),(642,'Відкрито сторінку \'Використана сировина: Розрахунок залишку сировини\'',122032,'Таня Шевченко','2024-05-26 16:07:38'),(643,'Відкрито сторінку \'Сировина\'',122032,'Таня Шевченко','2024-05-26 16:07:38'),(644,'Відкрито сторінку \'Поставка сировини\'',122032,'Таня Шевченко','2024-05-26 16:07:39'),(645,'Відкрито Головну сторінку - Статистику працівника',122032,'Таня Шевченко','2024-05-26 16:17:29'),(646,'Відкрито сторінку \'Дані про випічку\'',122032,'Таня Шевченко','2024-05-26 16:17:30'),(647,'Відкрито сторінку \'Редагувати дані\'',122032,'Таня Шевченко','2024-05-26 16:17:30'),(648,'Відкрито сторінку \'Використана сировина: Розрахунок залишку сировини\'',122032,'Таня Шевченко','2024-05-26 16:17:32'),(649,'Відкрито сторінку \'Сировина\'',122032,'Таня Шевченко','2024-05-26 16:17:32'),(650,'Відкрито сторінку \'Поставка сировини\'',122032,'Таня Шевченко','2024-05-26 16:17:32'),(651,'Додано дані в таблицю \'Поставка сировини\' ID = 1015',122032,'Таня Шевченко','2024-05-26 16:17:49'),(652,'Видалено дані з таблиці \'Поставка сировини\' ID = 1015',122032,'Таня Шевченко','2024-05-26 16:17:52'),(653,'Відкрито Головну сторінку - Статистику працівника',122032,'Таня Шевченко','2024-05-26 16:18:13'),(654,'Вхід на сторінку \'Звіт: Відправлена продукція\'',122032,'Таня Шевченко','2024-05-26 16:18:14'),(655,'Відкрито сторінку \'Данний звіт\'',122032,'Таня Шевченко','2024-05-26 16:18:14'),(656,'Відкрито сторінку \'Використана сировина: Розрахунок залишку сировини\'',122032,'Таня Шевченко','2024-05-26 16:18:15'),(657,'Відкрито сторінку \'Сировина\'',122032,'Таня Шевченко','2024-05-26 16:18:15'),(658,'Відкрито сторінку \'Дані про випічку\'',122032,'Таня Шевченко','2024-05-26 16:18:17'),(659,'Відкрито сторінку \'Редагувати дані\'',122032,'Таня Шевченко','2024-05-26 16:18:17'),(660,'Відкрито сторінку \'Використана сировина: Розрахунок залишку сировини\'',122032,'Таня Шевченко','2024-05-26 16:18:17'),(661,'Відкрито сторінку \'Сировина\'',122032,'Таня Шевченко','2024-05-26 16:18:17'),(662,'Відкрито сторінку \'Поставка сировини\'',122032,'Таня Шевченко','2024-05-26 16:18:18'),(663,'Відкрито Головну сторінку - Статистику працівника',122032,'Таня Шевченко','2024-05-26 16:31:15'),(664,'Вхід на сторінку \'Звіт: Відправлена продукція\'',122032,'Таня Шевченко','2024-05-26 16:31:17'),(665,'Відкрито сторінку \'Данний звіт\'',122032,'Таня Шевченко','2024-05-26 16:31:17'),(666,'Відкрито сторінку \'Використана сировина: Розрахунок залишку сировини\'',122032,'Таня Шевченко','2024-05-26 16:31:18'),(667,'Відкрито сторінку \'Сировина\'',122032,'Таня Шевченко','2024-05-26 16:31:18'),(668,'Відкрито сторінку \'Поставка сировини\'',122032,'Таня Шевченко','2024-05-26 16:31:19'),(669,'Відкрито Головну сторінку - Статистику працівника',122032,'Таня Шевченко','2024-05-26 16:32:09'),(670,'Вхід на сторінку \'Звіт: Відправлена продукція\'',122032,'Таня Шевченко','2024-05-26 16:32:11'),(671,'Відкрито сторінку \'Данний звіт\'',122032,'Таня Шевченко','2024-05-26 16:32:11'),(672,'Відкрито сторінку \'Використана сировина: Розрахунок залишку сировини\'',122032,'Таня Шевченко','2024-05-26 16:32:11'),(673,'Відкрито сторінку \'Сировина\'',122032,'Таня Шевченко','2024-05-26 16:32:11'),(674,'Вхід на сторінку \'Звіт: Відправлена продукція\'',122032,'Таня Шевченко','2024-05-26 16:32:12'),(675,'Відкрито сторінку \'Данний звіт\'',122032,'Таня Шевченко','2024-05-26 16:32:12'),(676,'Відкрито сторінку \'Використана сировина: Розрахунок залишку сировини\'',122032,'Таня Шевченко','2024-05-26 16:32:16'),(677,'Відкрито сторінку \'Сировина\'',122032,'Таня Шевченко','2024-05-26 16:32:16'),(678,'Відкрито сторінку \'Поставка сировини\'',122032,'Таня Шевченко','2024-05-26 16:32:17'),(679,'Відкрито Головну сторінку - Статистику працівника',122032,'Таня Шевченко','2024-05-26 16:36:59'),(680,'Відкрито сторінку \'Використана сировина: Розрахунок залишку сировини\'',122032,'Таня Шевченко','2024-05-26 16:37:00'),(681,'Відкрито сторінку \'Сировина\'',122032,'Таня Шевченко','2024-05-26 16:37:00'),(682,'Відкрито сторінку \'Поставка сировини\'',122032,'Таня Шевченко','2024-05-26 16:37:01'),(683,'Відкрито Головну сторінку - Статистику працівника',122032,'Таня Шевченко','2024-05-26 16:37:48'),(684,'Відкрито сторінку \'Використана сировина: Розрахунок залишку сировини\'',122032,'Таня Шевченко','2024-05-26 16:37:49'),(685,'Відкрито сторінку \'Сировина\'',122032,'Таня Шевченко','2024-05-26 16:37:49'),(686,'Відкрито сторінку \'Поставка сировини\'',122032,'Таня Шевченко','2024-05-26 16:37:51'),(687,'Відкрито Головну сторінку - Статистику працівника',122032,'Таня Шевченко','2024-05-26 17:19:28'),(688,'Відкрито сторінку \'Використана сировина: Розрахунок залишку сировини\'',122032,'Таня Шевченко','2024-05-26 17:19:29'),(689,'Відкрито сторінку \'Сировина\'',122032,'Таня Шевченко','2024-05-26 17:19:29'),(690,'Відкрито сторінку \'Дані про випічку\'',122032,'Таня Шевченко','2024-05-26 17:19:31'),(691,'Відкрито сторінку \'Редагувати дані\'',122032,'Таня Шевченко','2024-05-26 17:19:31'),(692,'Відкрито сторінку \'Використана сировина: Розрахунок залишку сировини\'',122032,'Таня Шевченко','2024-05-26 17:19:35'),(693,'Відкрито сторінку \'Сировина\'',122032,'Таня Шевченко','2024-05-26 17:19:35'),(694,'Відкрито сторінку \'Поставка сировини\'',122032,'Таня Шевченко','2024-05-26 17:19:36'),(695,'Відкрито Головну сторінку - Статистику працівника',122032,'Таня Шевченко','2024-05-26 17:20:29'),(696,'Відкрито сторінку \'Використана сировина: Розрахунок залишку сировини\'',122032,'Таня Шевченко','2024-05-26 17:20:30'),(697,'Відкрито сторінку \'Сировина\'',122032,'Таня Шевченко','2024-05-26 17:20:30'),(698,'Відкрито сторінку \'Поставка сировини\'',122032,'Таня Шевченко','2024-05-26 17:20:32'),(699,'Відкрито Головну сторінку - Статистику працівника',122032,'Таня Шевченко','2024-05-26 17:28:35'),(700,'Відкрито сторінку \'Дані про випічку\'',122032,'Таня Шевченко','2024-05-26 17:28:36'),(701,'Відкрито сторінку \'Редагувати дані\'',122032,'Таня Шевченко','2024-05-26 17:28:36'),(702,'Відкрито сторінку \'Використана сировина: Розрахунок залишку сировини\'',122032,'Таня Шевченко','2024-05-26 17:28:37'),(703,'Відкрито сторінку \'Сировина\'',122032,'Таня Шевченко','2024-05-26 17:28:37'),(704,'Відкрито сторінку \'Поставка сировини\'',122032,'Таня Шевченко','2024-05-26 17:28:38'),(705,'Відкрито Головну сторінку - Статистику працівника',122032,'Таня Шевченко','2024-05-26 17:29:57'),(706,'Відкрито сторінку \'Використана сировина: Розрахунок залишку сировини\'',122032,'Таня Шевченко','2024-05-26 17:29:59'),(707,'Відкрито сторінку \'Сировина\'',122032,'Таня Шевченко','2024-05-26 17:29:59'),(708,'Відкрито сторінку \'Дані про випічку\'',122032,'Таня Шевченко','2024-05-26 17:29:59'),(709,'Відкрито сторінку \'Редагувати дані\'',122032,'Таня Шевченко','2024-05-26 17:29:59'),(710,'Відкрито сторінку \'Використана сировина: Розрахунок залишку сировини\'',122032,'Таня Шевченко','2024-05-26 17:30:02'),(711,'Відкрито сторінку \'Сировина\'',122032,'Таня Шевченко','2024-05-26 17:30:02'),(712,'Відкрито сторінку \'Поставка сировини\'',122032,'Таня Шевченко','2024-05-26 17:30:04'),(713,'Відкрито Головну сторінку - Статистику працівника',122032,'Таня Шевченко','2024-05-26 17:34:28'),(714,'Відкрито сторінку \'Використана сировина: Розрахунок залишку сировини\'',122032,'Таня Шевченко','2024-05-26 17:34:29'),(715,'Відкрито сторінку \'Сировина\'',122032,'Таня Шевченко','2024-05-26 17:34:29'),(716,'Відкрито сторінку \'Поставка сировини\'',122032,'Таня Шевченко','2024-05-26 17:34:32'),(717,'Відкрито Головну сторінку - Статистику працівника',122032,'Таня Шевченко','2024-05-26 17:44:17'),(718,'Вхід на сторінку \'Звіт: Відправлена продукція\'',122032,'Таня Шевченко','2024-05-26 17:44:18'),(719,'Відкрито сторінку \'Данний звіт\'',122032,'Таня Шевченко','2024-05-26 17:44:18'),(720,'Відкрито сторінку \'Використана сировина: Розрахунок залишку сировини\'',122032,'Таня Шевченко','2024-05-26 17:44:20'),(721,'Відкрито сторінку \'Сировина\'',122032,'Таня Шевченко','2024-05-26 17:44:20'),(722,'Відкрито сторінку \'Поставка сировини\'',122032,'Таня Шевченко','2024-05-26 17:44:21'),(723,'Відкрито Головну сторінку - Статистику працівника',122032,'Таня Шевченко','2024-05-26 17:48:09'),(724,'Вхід на сторінку \'Звіт: Відправлена продукція\'',122032,'Таня Шевченко','2024-05-26 17:48:10'),(725,'Відкрито сторінку \'Данний звіт\'',122032,'Таня Шевченко','2024-05-26 17:48:10'),(726,'Відкрито сторінку \'Використана сировина: Розрахунок залишку сировини\'',122032,'Таня Шевченко','2024-05-26 17:48:11'),(727,'Відкрито сторінку \'Сировина\'',122032,'Таня Шевченко','2024-05-26 17:48:11'),(728,'Відкрито сторінку \'Поставка сировини\'',122032,'Таня Шевченко','2024-05-26 17:48:12'),(729,'Відкрито Головну сторінку - Статистику працівника',122032,'Таня Шевченко','2024-05-26 17:49:56'),(730,'Відкрито сторінку \'Використана сировина: Розрахунок залишку сировини\'',122032,'Таня Шевченко','2024-05-26 17:49:58'),(731,'Відкрито сторінку \'Сировина\'',122032,'Таня Шевченко','2024-05-26 17:49:58'),(732,'Відкрито сторінку \'Поставка сировини\'',122032,'Таня Шевченко','2024-05-26 17:50:00'),(733,'Відкрито Головну сторінку - Статистику працівника',122032,'Таня Шевченко','2024-05-26 17:54:20'),(734,'Відкрито сторінку \'Дані про випічку\'',122032,'Таня Шевченко','2024-05-26 17:54:22'),(735,'Відкрито сторінку \'Редагувати дані\'',122032,'Таня Шевченко','2024-05-26 17:54:22'),(736,'Відкрито сторінку \'Використана сировина: Розрахунок залишку сировини\'',122032,'Таня Шевченко','2024-05-26 17:54:23'),(737,'Відкрито сторінку \'Сировина\'',122032,'Таня Шевченко','2024-05-26 17:54:23'),(738,'Відкрито сторінку \'Поставка сировини\'',122032,'Таня Шевченко','2024-05-26 17:54:24'),(739,'Відкрито Головну сторінку - Статистику працівника',122032,'Таня Шевченко','2024-05-26 17:55:15'),(740,'Відкрито сторінку \'Використана сировина: Розрахунок залишку сировини\'',122032,'Таня Шевченко','2024-05-26 17:55:16'),(741,'Відкрито сторінку \'Сировина\'',122032,'Таня Шевченко','2024-05-26 17:55:16'),(742,'Відкрито сторінку \'Поставка сировини\'',122032,'Таня Шевченко','2024-05-26 17:55:18'),(743,'Відкрито Головну сторінку - Статистику працівника',122032,'Таня Шевченко','2024-05-26 17:55:56'),(744,'Вхід на сторінку \'Звіт: Відправлена продукція\'',122032,'Таня Шевченко','2024-05-26 17:55:57'),(745,'Відкрито сторінку \'Данний звіт\'',122032,'Таня Шевченко','2024-05-26 17:55:57'),(746,'Відкрито сторінку \'Звіт використаної сировини\'',122032,'Таня Шевченко','2024-05-26 17:56:03'),(747,'Відкрито сторінку \'Звіт відправленої продукції\'',122032,'Таня Шевченко','2024-05-26 17:56:04'),(748,'Відкрито сторінку \'Використана сировина: Розрахунок залишку сировини\'',122032,'Таня Шевченко','2024-05-26 17:56:06'),(749,'Відкрито сторінку \'Сировина\'',122032,'Таня Шевченко','2024-05-26 17:56:06'),(750,'Відкрито сторінку \'Поставка сировини\'',122032,'Таня Шевченко','2024-05-26 17:56:08'),(751,'Відкрито сторінку \'Використана сировина: Розрахунок залишку сировини\'',122032,'Таня Шевченко','2024-05-26 17:56:25'),(752,'Відкрито сторінку \'Поставка сировини\'',122032,'Таня Шевченко','2024-05-26 17:56:25'),(753,'Додано дані в таблицю \'Поставка сировини\' ID = 5445',122032,'Таня Шевченко','2024-05-26 17:56:44'),(754,'Відкрито Головну сторінку - Статистику працівника',122032,'Таня Шевченко','2024-05-26 22:22:10'),(755,'Відкрито сторінку \'Зарплата\'',122032,'Таня Шевченко','2024-05-26 22:22:12'),(756,'Вхід на сторінку \'Звіт: Відправлена продукція\'',122032,'Таня Шевченко','2024-05-26 22:22:14'),(757,'Відкрито сторінку \'Данний звіт\'',122032,'Таня Шевченко','2024-05-26 22:22:14'),(758,'Відкрито сторінку \'Додати випечену продукцію\'',122032,'Таня Шевченко','2024-05-26 22:22:17'),(759,'Додано нові дані в таблицю на сторінці \'Додати випечену продукцію\'',122032,'Таня Шевченко','2024-05-26 22:22:27'),(760,'Додано нові дані в таблицю на сторінці \'Додати випечену продукцію\'',122032,'Таня Шевченко','2024-05-26 22:22:31'),(761,'Додано нові дані в таблицю на сторінці \'Додати випечену продукцію\'',122032,'Таня Шевченко','2024-05-26 22:22:34'),(762,'Додано нові дані в таблицю на сторінці \'Додати випечену продукцію\'',122032,'Таня Шевченко','2024-05-26 22:22:42'),(763,'Додано нові дані в таблицю на сторінці \'Додати випечену продукцію\'',122032,'Таня Шевченко','2024-05-26 22:22:46'),(764,'Додано нові дані в таблицю на сторінці \'Додати випечену продукцію\'',122032,'Таня Шевченко','2024-05-26 22:22:54'),(765,'Закрито сторінку \'Додати випечену продукцію\'',122032,'Таня Шевченко','2024-05-26 22:22:55'),(766,'Відкрито сторінку \'Звіт використаної сировини\'',122032,'Таня Шевченко','2024-05-26 22:22:57'),(767,'Відкрито сторінку \'Профіль покристувача\'',122032,'Таня Шевченко','2024-05-26 22:23:38'),(768,'Відкрито Головну сторінку - Статистику працівника',122032,'Таня Шевченко','2024-05-26 22:24:05'),(769,'Вхід на сторінку \'Звіт: Відправлена продукція\'',122032,'Таня Шевченко','2024-05-26 22:24:10'),(770,'Відкрито сторінку \'Данний звіт\'',122032,'Таня Шевченко','2024-05-26 22:24:10'),(771,'Відкрито сторінку \'Додати випечену продукцію\'',122032,'Таня Шевченко','2024-05-26 22:24:12'),(772,'Додано нові дані в таблицю на сторінці \'Додати випечену продукцію\'',122032,'Таня Шевченко','2024-05-26 22:24:21'),(773,'Додано нові дані в таблицю на сторінці \'Додати випечену продукцію\'',122032,'Таня Шевченко','2024-05-26 22:24:28'),(774,'Закрито сторінку \'Додати випечену продукцію\'',122032,'Таня Шевченко','2024-05-26 22:24:30'),(775,'Відкрито Головну сторінку - Статистику працівника',122032,'Таня Шевченко','2024-05-26 22:24:31'),(776,'Вхід на сторінку \'Звіт: Відправлена продукція\'',122032,'Таня Шевченко','2024-05-26 22:24:40'),(777,'Відкрито сторінку \'Данний звіт\'',122032,'Таня Шевченко','2024-05-26 22:24:40'),(778,'Відкрито сторінку \'Звіт відправленої продукції\'',122032,'Таня Шевченко','2024-05-26 22:24:42'),(779,'Вхід на сторінку \'Додати відправлену продукцію\'',122032,'Таня Шевченко','2024-05-26 22:24:43'),(780,'Додано дані до таблиці \'Відправлена продукція\'',122032,'Таня Шевченко','2024-05-26 22:24:47'),(781,'Додано дані до таблиці \'Відправлена продукція\'',122032,'Таня Шевченко','2024-05-26 22:24:52'),(782,'Додано дані до таблиці \'Відправлена продукція\'',122032,'Таня Шевченко','2024-05-26 22:24:57'),(783,'Додано дані до таблиці \'Відправлена продукція\'',122032,'Таня Шевченко','2024-05-26 22:24:59'),(784,'Додано дані до таблиці \'Відправлена продукція\'',122032,'Таня Шевченко','2024-05-26 22:25:06'),(785,'Додано дані до таблиці \'Відправлена продукція\'',122032,'Таня Шевченко','2024-05-26 22:25:10'),(786,'Додано дані до таблиці \'Відправлена продукція\'',122032,'Таня Шевченко','2024-05-26 22:25:13'),(787,'Відкрито сторінку \'Профіль покристувача\'',122032,'Таня Шевченко','2024-05-26 22:25:17'),(788,'Відкрито Головну сторінку - Статистику працівника',122032,'Таня Шевченко','2024-05-26 22:25:18'),(789,'Відкрито Головну сторінку - Статистику працівника',122032,'Таня Шевченко','2024-05-27 22:42:15'),(790,'Відкрито сторінку \'Використана сировина: Розрахунок залишку сировини\'',122032,'Таня Шевченко','2024-05-27 22:42:18'),(791,'Відкрито сторінку \'Сировина\'',122032,'Таня Шевченко','2024-05-27 22:42:18'),(792,'Відкрито сторінку \'Використана сировина: Розрахунок залишку сировини\'',122032,'Таня Шевченко','2024-05-27 22:42:47'),(793,'Відкрито сторінку \'Використана сировина: Розрахунок залишку сировини\'',122032,'Таня Шевченко','2024-05-27 22:42:47'),(794,'Відкрито сторінку \'Зарплата\'',122032,'Таня Шевченко','2024-05-27 22:42:49'),(795,'Вхід на сторінку \'Звіт: Відправлена продукція\'',122032,'Таня Шевченко','2024-05-27 22:42:55'),(796,'Відкрито сторінку \'Данний звіт\'',122032,'Таня Шевченко','2024-05-27 22:42:55'),(797,'Відкрито сторінку \'Додати випечену продукцію\'',122032,'Таня Шевченко','2024-05-27 22:43:01'),(798,'Додано нові дані в таблицю на сторінці \'Додати випечену продукцію\'',122032,'Таня Шевченко','2024-05-27 22:43:08'),(799,'Додано нові дані в таблицю на сторінці \'Додати випечену продукцію\'',122032,'Таня Шевченко','2024-05-27 22:43:11'),(800,'Додано нові дані в таблицю на сторінці \'Додати випечену продукцію\'',122032,'Таня Шевченко','2024-05-27 22:43:16'),(801,'Додано нові дані в таблицю на сторінці \'Додати випечену продукцію\'',122032,'Таня Шевченко','2024-05-27 22:43:19'),(802,'Закрито сторінку \'Додати випечену продукцію\'',122032,'Таня Шевченко','2024-05-27 22:43:20'),(803,'Відкрито сторінку \'Зарплата\'',122032,'Таня Шевченко','2024-05-27 22:43:21'),(804,'Відкрито сторінку \'Профіль покристувача\'',100101,'Давид Лукінчук','2024-06-03 21:53:27'),(805,'Відкрито сторінку \'Профіль покристувача\'',100101,'Давид Лукінчук','2024-06-03 22:06:46'),(806,'Відкрито сторінку \'Профіль покристувача\'',NULL,NULL,'2024-06-07 22:44:05'),(807,'Відкрито сторінку \'Профіль покристувача\'',NULL,NULL,'2024-06-07 23:42:05'),(808,'Відкрито сторінку \'Профіль покристувача\'',100101,'Давид Лукінчук','2024-06-09 00:45:31'),(809,'Відкрито сторінку \'Профіль покристувача\'',100101,'Давид Лукінчук','2024-06-09 16:37:53'),(810,'Відкрито сторінку \'Профіль покристувача\'',100101,'Давид Лукінчук','2024-06-09 17:47:47'),(811,'Відкрито сторінку \'Профіль покристувача\'',100101,'Давид Лукінчук','2024-06-09 22:17:59'),(812,'Відкрито сторінку \'Профіль покристувача\'',100101,'Давид Лукінчук','2024-06-09 22:18:14'),(813,'Відкрито сторінку \'Профіль покристувача\'',100101,'Давид Лукінчук','2024-06-09 23:30:07'),(814,'Відкрито сторінку \'Профіль покристувача\'',100101,'Давид Лукінчук','2024-06-09 23:30:10'),(815,'Відкрито сторінку \'Профіль покристувача\'',100101,'Давид Лукінчук','2024-06-09 23:30:13'),(816,'Відкрито сторінку \'Профіль покристувача\'',100101,'Давид Лукінчук','2024-06-09 23:33:18'),(817,'Відкрито сторінку \'Профіль покристувача\'',100101,'Давид Лукінчук','2024-06-11 00:01:39'),(818,'Відкрито Головну сторінку - Статистику працівника',122032,'Таня Шевченко','2024-06-11 00:02:01'),(819,'Відкрито Головну сторінку - Статистику працівника',NULL,NULL,'2024-06-11 00:03:01'),(820,'Відкрито Головну сторінку - Статистику працівника',NULL,NULL,'2024-06-11 00:05:44'),(821,'Відкрито Головну сторінку - Статистику працівника',122032,'Таня Шевченко','2024-06-11 00:09:31'),(822,'Відкрито сторінку \'Дані про випічку\'',122032,'Таня Шевченко','2024-06-11 00:09:34'),(823,'Відкрито сторінку \'Редагувати дані\'',122032,'Таня Шевченко','2024-06-11 00:09:34'),(824,'Відкрито сторінку \'Профіль покристувача\'',122032,'Таня Шевченко','2024-06-11 00:09:37'),(825,'Відкрито Головну сторінку - Статистику працівника',NULL,NULL,'2024-06-11 00:09:50'),(826,'Відкрито Головну сторінку - Статистику працівника',122032,'Таня Шевченко','2024-06-11 00:14:55'),(827,'Відкрито сторінку \'Профіль покристувача\'',122032,'Таня Шевченко','2024-06-11 00:14:57'),(828,'Відкрито Головну сторінку - Статистику працівника',NULL,NULL,'2024-06-11 00:21:53'),(829,'Відкрито Головну сторінку - Статистику працівника',NULL,NULL,'2024-06-11 00:32:43'),(830,'Відкрито Головну сторінку - Статистику працівника',NULL,NULL,'2024-06-11 00:36:05'),(831,'Відкрито Головну сторінку - Статистику працівника',122032,'Таня Шевченко','2024-06-11 00:36:33'),(832,'Відкрито сторінку \'Профіль покристувача\'',122032,'Таня Шевченко','2024-06-11 00:36:35'),(833,'Відкрито Головну сторінку - Статистику працівника',NULL,NULL,'2024-06-11 00:37:42'),(834,'Відкрито Головну сторінку - Статистику працівника',122032,'Таня Шевченко','2024-06-11 00:49:21'),(835,'Відкрито сторінку \'Профіль покристувача\'',122032,'Таня Шевченко','2024-06-11 00:49:23'),(836,'Відкрито сторінку \'Профіль покристувача\'',100101,'Давид Лукінчук','2024-06-11 13:45:58'),(837,'Відкрито сторінку \'Профіль покристувача\'',100101,'Давид Лукінчук','2024-06-11 13:48:04'),(838,'Відкрито сторінку \'Профіль покристувача\'',100101,'Давид Лукінчук','2024-06-11 13:52:30'),(839,'Відкрито Головну сторінку - Статистику працівника',122032,'Таня Шевченко','2024-06-11 13:53:13'),(840,'Відкрито сторінку \'Зарплата\'',122032,'Таня Шевченко','2024-06-11 13:53:16'),(841,'Відкрито сторінку \'Рецепти\'',122032,'Таня Шевченко','2024-06-11 13:53:21'),(842,'Відкрито сторінку \'Профіль покристувача\'',122032,'Таня Шевченко','2024-06-11 13:53:23'),(843,'Відкрито Головну сторінку - Статистику працівника',122032,'Таня Шевченко','2024-06-11 21:04:21'),(844,'Відкрито Головну сторінку - Статистику працівника',122032,'Таня Шевченко','2024-06-11 21:06:17'),(845,'Відкрито Головну сторінку - Статистику працівника',122032,'Таня Шевченко','2024-06-11 21:07:32'),(846,'Відкрито сторінку \'Використана сировина: Розрахунок залишку сировини\'',122032,'Таня Шевченко','2024-06-11 21:07:33'),(847,'Відкрито сторінку \'Сировина\'',122032,'Таня Шевченко','2024-06-11 21:07:33'),(848,'Відкрито сторінку \'Профіль покристувача\'',122032,'Таня Шевченко','2024-06-11 21:07:37'),(849,'Відкрито Головну сторінку - Статистику працівника',122032,'Таня Шевченко','2024-06-11 21:08:41'),(850,'Відкрито сторінку \'Профіль покристувача\'',100101,'Давид Лукінчук','2024-06-11 21:09:31'),(851,'Відкрито сторінку \'Профіль покристувача\'',100101,'Давид Лукінчук','2024-06-11 21:10:10'),(852,'Відкрито Головну сторінку - Статистику працівника',122032,'Таня Шевченко','2024-06-12 00:02:08'),(853,'Відкрито сторінку \'Рецепти\'',122032,'Таня Шевченко','2024-06-12 00:02:11'),(854,'Відкрито Головну сторінку - Статистику працівника',122032,'Таня Шевченко','2024-06-12 00:06:11'),(855,'Відкрито сторінку \'Рецепти\'',122032,'Таня Шевченко','2024-06-12 00:06:14'),(856,'Відкрито сторінку \'Рецепти\'',122032,'Таня Шевченко','2024-06-12 00:06:23'),(857,'Відкрито Головну сторінку - Статистику працівника',122032,'Таня Шевченко','2024-06-12 00:07:55'),(858,'Відкрито сторінку \'Рецепти\'',122032,'Таня Шевченко','2024-06-12 00:07:56'),(859,'Відкрито Головну сторінку - Статистику працівника',122032,'Таня Шевченко','2024-06-12 00:27:22'),(860,'Відкрито сторінку \'Дані про випічку\'',122032,'Таня Шевченко','2024-06-12 00:27:33'),(861,'Відкрито сторінку \'Редагувати дані\'',122032,'Таня Шевченко','2024-06-12 00:27:33'),(862,'Відкрито сторінку \'Профіль покристувача\'',122032,'Таня Шевченко','2024-06-12 00:27:36'),(863,'Відкрито Головну сторінку - Статистику працівника',122032,'Таня Шевченко','2024-06-12 00:27:38'),(864,'Вхід на сторінку \'Звіт: Відправлена продукція\'',122032,'Таня Шевченко','2024-06-12 00:27:38'),(865,'Відкрито сторінку \'Данний звіт\'',122032,'Таня Шевченко','2024-06-12 00:27:38'),(866,'Відкрито сторінку \'Звіт використаної сировини\'',122032,'Таня Шевченко','2024-06-12 00:27:40'),(867,'Відкрито сторінку \'Додати використану сировину\'',122032,'Таня Шевченко','2024-06-12 00:27:41'),(868,'Закрито сторінку \'Додати використану сировину\'',122032,'Таня Шевченко','2024-06-12 00:28:16'),(869,'Відкрито сторінку \'Дані про випічку\'',122032,'Таня Шевченко','2024-06-12 00:28:17'),(870,'Відкрито сторінку \'Редагувати дані\'',122032,'Таня Шевченко','2024-06-12 00:28:17'),(871,'Відкрито сторінку \'Використана сировина: Розрахунок залишку сировини\'',122032,'Таня Шевченко','2024-06-12 00:28:20'),(872,'Відкрито сторінку \'Сировина\'',122032,'Таня Шевченко','2024-06-12 00:28:20'),(873,'Відкрито сторінку \'Поставка сировини\'',122032,'Таня Шевченко','2024-06-12 00:28:21'),(874,'Додано дані в таблицю \'Поставка сировини\' ID = 1123',122032,'Таня Шевченко','2024-06-12 00:28:51'),(875,'Відкрито Головну сторінку - Статистику працівника',122032,'Таня Шевченко','2024-06-12 00:28:53'),(876,'Вхід на сторінку \'Звіт: Відправлена продукція\'',122032,'Таня Шевченко','2024-06-12 00:28:54'),(877,'Відкрито сторінку \'Данний звіт\'',122032,'Таня Шевченко','2024-06-12 00:28:54'),(878,'Відкрито сторінку \'Звіт використаної сировини\'',122032,'Таня Шевченко','2024-06-12 00:28:55'),(879,'Відкрито сторінку \'Додати використану сировину\'',122032,'Таня Шевченко','2024-06-12 00:28:57'),(880,'Додано дані в таблицю \'Звіт використаної сировини\' _rawID=2000',122032,'Таня Шевченко','2024-06-12 00:29:09'),(881,'Закрито сторінку \'Додати використану сировину\'',122032,'Таня Шевченко','2024-06-12 00:29:34'),(882,'Відкрито Головну сторінку - Статистику працівника',122032,'Таня Шевченко','2024-06-12 00:40:18'),(883,'Вхід на сторінку \'Звіт: Відправлена продукція\'',122032,'Таня Шевченко','2024-06-12 00:40:21'),(884,'Відкрито сторінку \'Данний звіт\'',122032,'Таня Шевченко','2024-06-12 00:40:21'),(885,'Відкрито сторінку \'Звіт використаної сировини\'',122032,'Таня Шевченко','2024-06-12 00:40:22'),(886,'Відкрито Головну сторінку - Статистику працівника',122032,'Таня Шевченко','2024-06-12 00:41:13'),(887,'Вхід на сторінку \'Звіт: Відправлена продукція\'',122032,'Таня Шевченко','2024-06-12 00:41:15'),(888,'Відкрито сторінку \'Данний звіт\'',122032,'Таня Шевченко','2024-06-12 00:41:15'),(889,'Відкрито сторінку \'Дані про випічку\'',122032,'Таня Шевченко','2024-06-12 00:41:16'),(890,'Відкрито сторінку \'Редагувати дані\'',122032,'Таня Шевченко','2024-06-12 00:41:16'),(891,'Вхід на сторінку \'Звіт: Відправлена продукція\'',122032,'Таня Шевченко','2024-06-12 00:41:17'),(892,'Відкрито сторінку \'Данний звіт\'',122032,'Таня Шевченко','2024-06-12 00:41:17'),(893,'Відкрито сторінку \'Звіт використаної сировини\'',122032,'Таня Шевченко','2024-06-12 00:41:19'),(894,'Відкрито Головну сторінку - Статистику працівника',122032,'Таня Шевченко','2024-06-12 00:42:28'),(895,'Відкрито сторінку \'Використана сировина: Розрахунок залишку сировини\'',122032,'Таня Шевченко','2024-06-12 00:42:29'),(896,'Відкрито сторінку \'Сировина\'',122032,'Таня Шевченко','2024-06-12 00:42:29'),(897,'Вхід на сторінку \'Звіт: Відправлена продукція\'',122032,'Таня Шевченко','2024-06-12 00:42:31'),(898,'Відкрито сторінку \'Данний звіт\'',122032,'Таня Шевченко','2024-06-12 00:42:31'),(899,'Відкрито сторінку \'Звіт використаної сировини\'',122032,'Таня Шевченко','2024-06-12 00:42:34'),(900,'Відкрито сторінку \'Додати використану сировину\'',122032,'Таня Шевченко','2024-06-12 00:42:35'),(901,'Закрито сторінку \'Додати використану сировину\'',122032,'Таня Шевченко','2024-06-12 00:42:38');
/*!40000 ALTER TABLE `users_actions` ENABLE KEYS */;
UNLOCK TABLES;
/*!40103 SET TIME_ZONE=@OLD_TIME_ZONE */;

/*!40101 SET SQL_MODE=@OLD_SQL_MODE */;
/*!40014 SET FOREIGN_KEY_CHECKS=@OLD_FOREIGN_KEY_CHECKS */;
/*!40014 SET UNIQUE_CHECKS=@OLD_UNIQUE_CHECKS */;
/*!40101 SET CHARACTER_SET_CLIENT=@OLD_CHARACTER_SET_CLIENT */;
/*!40101 SET CHARACTER_SET_RESULTS=@OLD_CHARACTER_SET_RESULTS */;
/*!40101 SET COLLATION_CONNECTION=@OLD_COLLATION_CONNECTION */;
/*!40111 SET SQL_NOTES=@OLD_SQL_NOTES */;

-- Dump completed on 2024-06-12 23:57:17
